Order_ID,Customer_ID,Customer_Name,Customer_City,Customer_Segment,Product_ID,Product_Name,Category,Unit_Cost,Unit_Price,Quantity,Discount_Pct,Order_Date,Shipping_Date,Order_Status,Payment_Mode
5001,CUST-142,Customer_42,Hyderabad,Corporate,PROD-211,Non-Stick Cookware Set,Home & Kitchen,1500.0,3299.0,2,0.1,2025-11-26,2025-11-30,Delivered,Credit Card
5002,CUST-148,Customer_48,Faridabad,Consumer,PROD-218,Adjustable Dumbbells Pair,Fitness,2500.0,5499.0,4,0.2,2025-05-15,2025-05-21,Delivered,Net Banking
5003,CUST-115,Customer_15,Delhi,Consumer,PROD-216,Denim Jeans Regular,Fashion,800.0,1999.0,1,0.0,2025-02-16,2025-02-23,Cancelled,Credit Card
5004,CUST-111,Customer_11,Pune,Consumer,PROD-212,Air Fryer 4L Digital,Home & Kitchen,3200.0,6499.0,4,0.2,2025-02-02,2025-02-06,Returned,Net Banking
5005,CUST-117,Customer_17,Faridabad,Consumer,PROD-214,Yoga Mat Extra Thick,Fitness,400.0,999.0,1,0.2,2025-12-15,2025-12-21,Cancelled,Debit Card
5006,CUST-122,Customer_22,Chennai,Corporate,PROD-203,"Gaming Laptop 15""",Electronics,45000.0,75000.0,4,0.0,2025-08-11,2025-08-13,Returned,Debit Card
5007,CUST-149,Customer_49,Ghaziabad,Home Office,PROD-205,Cotton Casual Shirt,Fashion,450.0,1199.0,2,0.05,2025-11-17,2025-11-20,Delivered,Debit Card
5008,CUST-135,Customer_35,Mumbai,Consumer,PROD-214,Yoga Mat Extra Thick,Fitness,400.0,999.0,4,0.0,2025-11-03,2025-11-06,Delivered,UPI
5009,CUST-120,Customer_20,Bangalore,Consumer,PROD-205,Cotton Casual Shirt,Fashion,450.0,1199.0,1,0.0,2025-05-04,2025-05-09,Delivered,Net Banking
5010,CUST-149,Customer_49,Ghaziabad,Home Office,PROD-214,Yoga Mat Extra Thick,Fitness,400.0,999.0,4,0.2,2025-03-07,2025-03-13,Delivered,Credit Card
5011,CUST-134,Customer_34,Faridabad,Corporate,PROD-215,Whey Protein 1kg,Fitness,1800.0,3499.0,2,0.1,2025-04-19,2025-04-24,Cancelled,Net Banking
5012,CUST-142,Customer_42,Hyderabad,Corporate,PROD-209,Sunscreen Gel SPF50,Beauty,250.0,599.0,1,0.05,2025-09-22,2025-09-26,Delivered,Credit Card
5013,CUST-122,Customer_22,Chennai,Corporate,PROD-213,Mechanical Keyboard,Electronics,1500.0,3499.0,2,0.0,2025-10-11,2025-10-13,Cancelled,UPI
5014,CUST-141,Customer_41,Ghaziabad,Consumer,PROD-202,Smartwatch Pro,Electronics,2200.0,4999.0,3,0.0,2025-02-04,2025-02-05,Delivered,COD
5015,CUST-118,Customer_18,Ghaziabad,Corporate,PROD-210,Ergonomic Chair,Home & Kitchen,3500.0,7999.0,4,0.05,2025-10-04,2025-10-06,Delivered,Net Banking
5016,CUST-113,Customer_13,Ghaziabad,Corporate,PROD-201,Wireless Headphones,Electronics,1200.0,2500.0,3,0.15,2025-12-04,2025-12-08,Delivered,Net Banking
5017,CUST-147,Customer_47,Mumbai,Corporate,PROD-201,Wireless Headphones,Electronics,1200.0,2500.0,3,0.0,2025-02-01,2025-02-05,Delivered,Credit Card
5018,CUST-113,Customer_13,Ghaziabad,Corporate,PROD-215,Whey Protein 1kg,Fitness,1800.0,3499.0,2,0.1,2025-03-13,2025-03-17,Delivered,Net Banking
5019,CUST-105,Customer_5,Pune,Consumer,PROD-212,Air Fryer 4L Digital,Home & Kitchen,3200.0,6499.0,1,0.0,2025-02-20,2025-02-21,Delivered,Credit Card
5020,CUST-127,Customer_27,Faridabad,Home Office,PROD-211,Non-Stick Cookware Set,Home & Kitchen,1500.0,3299.0,4,0.0,2025-04-20,2025-04-27,Delivered,Credit Card
5021,CUST-101,Customer_1,Noida,Consumer,PROD-211,Non-Stick Cookware Set,Home & Kitchen,1500.0,3299.0,4,0.2,2025-08-21,2025-08-24,Delivered,Net Banking
5022,CUST-113,Customer_13,Ghaziabad,Corporate,PROD-208,Face Serum 30ml,Beauty,300.0,899.0,1,0.1,2025-01-30,2025-02-04,Delivered,UPI
5023,CUST-138,Customer_38,Faridabad,Home Office,PROD-212,Air Fryer 4L Digital,Home & Kitchen,3200.0,6499.0,1,0.2,2025-09-29,2025-10-01,Delivered,UPI
5024,CUST-105,Customer_5,Pune,Consumer,PROD-214,Yoga Mat Extra Thick,Fitness,400.0,999.0,2,0.15,2025-12-12,2025-12-19,Returned,UPI
5025,CUST-116,Customer_16,Bangalore,Corporate,PROD-218,Adjustable Dumbbells Pair,Fitness,2500.0,5499.0,1,0.15,2025-01-21,2025-01-26,Returned,COD
5026,CUST-134,Customer_34,Faridabad,Corporate,PROD-209,Sunscreen Gel SPF50,Beauty,250.0,599.0,3,0.05,2025-04-15,2025-04-21,Delivered,Debit Card
5027,CUST-109,Customer_9,Ghaziabad,Home Office,PROD-209,Sunscreen Gel SPF50,Beauty,250.0,599.0,1,0.0,2025-06-11,2025-06-18,Returned,Net Banking
5028,CUST-137,Customer_37,Ghaziabad,Home Office,PROD-201,Wireless Headphones,Electronics,1200.0,2500.0,3,0.05,2025-10-03,2025-10-05,Delivered,Debit Card
5029,CUST-116,Customer_16,Bangalore,Corporate,PROD-209,Sunscreen Gel SPF50,Beauty,250.0,599.0,3,0.2,2025-03-22,2025-03-26,Delivered,COD
5030,CUST-143,Customer_43,Faridabad,Home Office,PROD-215,Whey Protein 1kg,Fitness,1800.0,3499.0,2,0.1,2025-12-06,2025-12-07,Delivered,UPI
5031,CUST-148,Customer_48,Faridabad,Consumer,PROD-214,Yoga Mat Extra Thick,Fitness,400.0,999.0,2,0.1,2025-05-20,2025-05-23,Cancelled,Credit Card
5032,CUST-141,Customer_41,Ghaziabad,Consumer,PROD-217,Hair Care Oil 200ml,Beauty,180.0,450.0,1,0.0,2025-09-08,2025-09-11,Delivered,Net Banking
5033,CUST-103,Customer_3,Ghaziabad,Consumer,PROD-203,"Gaming Laptop 15""",Electronics,45000.0,75000.0,3,0.05,2025-03-08,2025-03-14,Returned,Net Banking
5034,CUST-146,Customer_46,Ghaziabad,Consumer,PROD-212,Air Fryer 4L Digital,Home & Kitchen,3200.0,6499.0,1,0.05,2025-01-05,2025-01-06,Delivered,COD
5035,CUST-124,Customer_24,Hyderabad,Home Office,PROD-218,Adjustable Dumbbells Pair,Fitness,2500.0,5499.0,2,0.0,2025-03-17,2025-03-21,Delivered,Debit Card
5036,CUST-103,Customer_3,Ghaziabad,Consumer,PROD-208,Face Serum 30ml,Beauty,300.0,899.0,1,0.1,2025-12-16,2025-12-18,Delivered,COD
5037,CUST-140,Customer_40,Gurgaon,Home Office,PROD-206,Running Shoes,Fashion,1100.0,2799.0,2,0.15,2025-03-25,2025-04-01,Delivered,UPI
5038,CUST-148,Customer_48,Faridabad,Consumer,PROD-209,Sunscreen Gel SPF50,Beauty,250.0,599.0,2,0.1,2025-12-09,2025-12-16,Cancelled,Credit Card
5039,CUST-107,Customer_7,Delhi,Consumer,PROD-210,Ergonomic Chair,Home & Kitchen,3500.0,7999.0,2,0.15,2025-08-29,2025-08-31,Delivered,Debit Card
5040,CUST-115,Customer_15,Delhi,Consumer,PROD-205,Cotton Casual Shirt,Fashion,450.0,1199.0,4,0.1,2025-12-04,2025-12-06,Delivered,Debit Card
5041,CUST-150,Customer_50,Mumbai,Consumer,PROD-209,Sunscreen Gel SPF50,Beauty,250.0,599.0,4,0.2,2025-11-25,2025-11-30,Delivered,Debit Card
5042,CUST-108,Customer_8,Noida,Consumer,PROD-208,Face Serum 30ml,Beauty,300.0,899.0,1,0.0,2025-10-25,2025-10-28,Delivered,COD
5043,CUST-123,Customer_23,Delhi,Home Office,PROD-209,Sunscreen Gel SPF50,Beauty,250.0,599.0,1,0.15,2025-11-07,2025-11-12,Delivered,COD
5044,CUST-117,Customer_17,Faridabad,Consumer,PROD-204,Bluetooth Speaker,Electronics,800.0,1899.0,2,0.1,2025-01-01,2025-01-06,Delivered,Net Banking
5045,CUST-143,Customer_43,Faridabad,Home Office,PROD-217,Hair Care Oil 200ml,Beauty,180.0,450.0,1,0.1,2025-06-10,2025-06-16,Delivered,COD
5046,CUST-143,Customer_43,Faridabad,Home Office,PROD-211,Non-Stick Cookware Set,Home & Kitchen,1500.0,3299.0,3,0.2,2025-07-26,2025-08-01,Delivered,Credit Card
5047,CUST-127,Customer_27,Faridabad,Home Office,PROD-212,Air Fryer 4L Digital,Home & Kitchen,3200.0,6499.0,3,0.15,2025-03-31,2025-04-05,Delivered,COD
5048,CUST-120,Customer_20,Bangalore,Consumer,PROD-208,Face Serum 30ml,Beauty,300.0,899.0,3,0.15,2025-08-09,2025-08-16,Delivered,Net Banking
5049,CUST-144,Customer_44,Pune,Consumer,PROD-216,Denim Jeans Regular,Fashion,800.0,1999.0,1,0.1,2025-03-28,2025-04-03,Cancelled,COD
5050,CUST-141,Customer_41,Ghaziabad,Consumer,PROD-215,Whey Protein 1kg,Fitness,1800.0,3499.0,2,0.1,2025-02-17,2025-02-24,Delivered,Credit Card
5051,CUST-110,Customer_10,Chennai,Consumer,PROD-201,Wireless Headphones,Electronics,1200.0,2500.0,1,0.15,2025-05-06,2025-05-10,Cancelled,Net Banking
5052,CUST-137,Customer_37,Ghaziabad,Home Office,PROD-216,Denim Jeans Regular,Fashion,800.0,1999.0,2,0.05,2025-09-11,2025-09-15,Delivered,UPI
5053,CUST-150,Customer_50,Mumbai,Consumer,PROD-210,Ergonomic Chair,Home & Kitchen,3500.0,7999.0,4,0.0,2025-04-01,2025-04-08,Delivered,COD
5054,CUST-108,Customer_8,Noida,Consumer,PROD-210,Ergonomic Chair,Home & Kitchen,3500.0,7999.0,3,0.15,2025-08-26,2025-09-01,Cancelled,COD
5055,CUST-133,Customer_33,Noida,Corporate,PROD-212,Air Fryer 4L Digital,Home & Kitchen,3200.0,6499.0,4,0.15,2025-08-17,2025-08-19,Delivered,Debit Card
5056,CUST-141,Customer_41,Ghaziabad,Consumer,PROD-217,Hair Care Oil 200ml,Beauty,180.0,450.0,2,0.1,2025-09-06,2025-09-12,Delivered,Net Banking
5057,CUST-146,Customer_46,Ghaziabad,Consumer,PROD-208,Face Serum 30ml,Beauty,300.0,899.0,3,0.2,2025-05-20,2025-05-23,Delivered,UPI
5058,CUST-110,Customer_10,Chennai,Consumer,PROD-216,Denim Jeans Regular,Fashion,800.0,1999.0,2,0.0,2025-12-22,2025-12-24,Delivered,Net Banking
5059,CUST-122,Customer_22,Chennai,Corporate,PROD-215,Whey Protein 1kg,Fitness,1800.0,3499.0,2,0.15,2025-08-01,2025-08-02,Returned,Net Banking
5060,CUST-145,Customer_45,Mumbai,Consumer,PROD-213,Mechanical Keyboard,Electronics,1500.0,3499.0,1,0.1,2025-07-14,2025-07-18,Delivered,Debit Card
5061,CUST-127,Customer_27,Faridabad,Home Office,PROD-218,Adjustable Dumbbells Pair,Fitness,2500.0,5499.0,2,0.15,2025-10-07,2025-10-14,Delivered,Credit Card
5062,CUST-128,Customer_28,Chennai,Corporate,PROD-210,Ergonomic Chair,Home & Kitchen,3500.0,7999.0,4,0.05,2025-07-19,2025-07-22,Delivered,Net Banking
5063,CUST-140,Customer_40,Gurgaon,Home Office,PROD-214,Yoga Mat Extra Thick,Fitness,400.0,999.0,1,0.0,2025-07-21,2025-07-26,Delivered,Net Banking
5064,CUST-130,Customer_30,Noida,Consumer,PROD-205,Cotton Casual Shirt,Fashion,450.0,1199.0,3,0.05,2025-05-14,2025-05-18,Delivered,Net Banking
5065,CUST-122,Customer_22,Chennai,Corporate,PROD-211,Non-Stick Cookware Set,Home & Kitchen,1500.0,3299.0,1,0.15,2025-08-04,2025-08-07,Cancelled,UPI
5066,CUST-135,Customer_35,Mumbai,Consumer,PROD-203,"Gaming Laptop 15""",Electronics,45000.0,75000.0,1,0.0,2025-04-25,2025-05-01,Delivered,UPI
5067,CUST-113,Customer_13,Ghaziabad,Corporate,PROD-213,Mechanical Keyboard,Electronics,1500.0,3499.0,2,0.15,2025-03-20,2025-03-22,Returned,UPI
5068,CUST-114,Customer_14,Chennai,Corporate,PROD-212,Air Fryer 4L Digital,Home & Kitchen,3200.0,6499.0,3,0.05,2025-05-12,2025-05-19,Returned,COD
5069,CUST-148,Customer_48,Faridabad,Consumer,PROD-202,Smartwatch Pro,Electronics,2200.0,4999.0,1,0.1,2025-06-09,2025-06-10,Cancelled,COD
5070,CUST-125,Customer_25,Noida,Corporate,PROD-212,Air Fryer 4L Digital,Home & Kitchen,3200.0,6499.0,2,0.0,2025-04-12,2025-04-13,Cancelled,Debit Card
5071,CUST-139,Customer_39,Noida,Home Office,PROD-213,Mechanical Keyboard,Electronics,1500.0,3499.0,4,0.1,2025-01-22,2025-01-25,Returned,UPI
5072,CUST-142,Customer_42,Hyderabad,Corporate,PROD-208,Face Serum 30ml,Beauty,300.0,899.0,4,0.0,2025-08-04,2025-08-11,Delivered,Net Banking
5073,CUST-141,Customer_41,Ghaziabad,Consumer,PROD-212,Air Fryer 4L Digital,Home & Kitchen,3200.0,6499.0,2,0.2,2025-03-20,2025-03-24,Returned,Debit Card
5074,CUST-135,Customer_35,Mumbai,Consumer,PROD-211,Non-Stick Cookware Set,Home & Kitchen,1500.0,3299.0,3,0.1,2025-08-12,2025-08-19,Delivered,Credit Card
5075,CUST-118,Customer_18,Ghaziabad,Corporate,PROD-210,Ergonomic Chair,Home & Kitchen,3500.0,7999.0,4,0.1,2025-08-26,2025-08-31,Delivered,UPI
5076,CUST-121,Customer_21,Mumbai,Corporate,PROD-216,Denim Jeans Regular,Fashion,800.0,1999.0,3,0.1,2025-04-19,2025-04-22,Returned,Debit Card
5077,CUST-145,Customer_45,Mumbai,Consumer,PROD-217,Hair Care Oil 200ml,Beauty,180.0,450.0,2,0.0,2025-01-06,2025-01-11,Cancelled,Credit Card
5078,CUST-127,Customer_27,Faridabad,Home Office,PROD-212,Air Fryer 4L Digital,Home & Kitchen,3200.0,6499.0,4,0.15,2025-05-04,2025-05-10,Delivered,Net Banking
5079,CUST-106,Customer_6,Chennai,Corporate,PROD-208,Face Serum 30ml,Beauty,300.0,899.0,2,0.1,2025-07-27,2025-08-02,Delivered,COD
5080,CUST-131,Customer_31,Ghaziabad,Corporate,PROD-218,Adjustable Dumbbells Pair,Fitness,2500.0,5499.0,3,0.1,2025-06-26,2025-06-30,Delivered,Net Banking
5081,CUST-120,Customer_20,Bangalore,Consumer,PROD-208,Face Serum 30ml,Beauty,300.0,899.0,2,0.1,2025-03-03,2025-03-09,Cancelled,UPI
5082,CUST-135,Customer_35,Mumbai,Consumer,PROD-206,Running Shoes,Fashion,1100.0,2799.0,4,0.1,2025-04-21,2025-04-27,Returned,COD
5083,CUST-139,Customer_39,Noida,Home Office,PROD-208,Face Serum 30ml,Beauty,300.0,899.0,2,0.1,2025-04-10,2025-04-13,Delivered,Credit Card
5084,CUST-101,Customer_1,Noida,Consumer,PROD-214,Yoga Mat Extra Thick,Fitness,400.0,999.0,1,0.2,2025-05-21,2025-05-22,Cancelled,Debit Card
5085,CUST-109,Customer_9,Ghaziabad,Home Office,PROD-210,Ergonomic Chair,Home & Kitchen,3500.0,7999.0,3,0.15,2025-01-07,2025-01-12,Delivered,Net Banking
5086,CUST-122,Customer_22,Chennai,Corporate,PROD-205,Cotton Casual Shirt,Fashion,450.0,1199.0,4,0.0,2025-05-10,2025-05-17,Delivered,UPI
5087,CUST-132,Customer_32,Noida,Consumer,PROD-213,Mechanical Keyboard,Electronics,1500.0,3499.0,1,0.05,2025-11-19,2025-11-25,Returned,Credit Card
5088,CUST-120,Customer_20,Bangalore,Consumer,PROD-202,Smartwatch Pro,Electronics,2200.0,4999.0,4,0.2,2025-03-02,2025-03-07,Returned,COD
5089,CUST-115,Customer_15,Delhi,Consumer,PROD-215,Whey Protein 1kg,Fitness,1800.0,3499.0,3,0.2,2025-08-19,2025-08-23,Delivered,Net Banking
5090,CUST-137,Customer_37,Ghaziabad,Home Office,PROD-214,Yoga Mat Extra Thick,Fitness,400.0,999.0,1,0.05,2025-11-09,2025-11-15,Delivered,Credit Card
5091,CUST-143,Customer_43,Faridabad,Home Office,PROD-202,Smartwatch Pro,Electronics,2200.0,4999.0,1,0.05,2025-05-03,2025-05-05,Delivered,UPI
5092,CUST-129,Customer_29,Chennai,Consumer,PROD-215,Whey Protein 1kg,Fitness,1800.0,3499.0,2,0.1,2025-05-30,2025-05-31,Cancelled,Debit Card
5093,CUST-130,Customer_30,Noida,Consumer,PROD-202,Smartwatch Pro,Electronics,2200.0,4999.0,2,0.15,2025-05-16,2025-05-23,Returned,UPI
5094,CUST-115,Customer_15,Delhi,Consumer,PROD-207,Designer Handbag,Fashion,2500.0,5999.0,1,0.05,2025-03-14,2025-03-15,Returned,Debit Card
5095,CUST-148,Customer_48,Faridabad,Consumer,PROD-215,Whey Protein 1kg,Fitness,1800.0,3499.0,4,0.1,2025-08-13,2025-08-14,Delivered,Net Banking
5096,CUST-133,Customer_33,Noida,Corporate,PROD-215,Whey Protein 1kg,Fitness,1800.0,3499.0,1,0.15,2025-08-13,2025-08-14,Returned,Debit Card
5097,CUST-117,Customer_17,Faridabad,Consumer,PROD-201,Wireless Headphones,Electronics,1200.0,2500.0,1,0.1,2025-04-28,2025-05-04,Delivered,COD
5098,CUST-149,Customer_49,Ghaziabad,Home Office,PROD-216,Denim Jeans Regular,Fashion,800.0,1999.0,4,0.1,2025-09-23,2025-09-29,Returned,Credit Card
5099,CUST-128,Customer_28,Chennai,Corporate,PROD-210,Ergonomic Chair,Home & Kitchen,3500.0,7999.0,4,0.1,2025-08-29,2025-09-01,Cancelled,Debit Card
5100,CUST-107,Customer_7,Delhi,Consumer,PROD-207,Designer Handbag,Fashion,2500.0,5999.0,4,0.1,2025-07-30,2025-08-05,Returned,Net Banking
5101,CUST-103,Customer_3,Ghaziabad,Consumer,PROD-210,Ergonomic Chair,Home & Kitchen,3500.0,7999.0,3,0.0,2025-06-11,2025-06-14,Returned,Net Banking
5102,CUST-101,Customer_1,Noida,Consumer,PROD-215,Whey Protein 1kg,Fitness,1800.0,3499.0,2,0.2,2025-07-31,2025-08-01,Returned,Debit Card
5103,CUST-149,Customer_49,Ghaziabad,Home Office,PROD-212,Air Fryer 4L Digital,Home & Kitchen,3200.0,6499.0,1,0.05,2025-08-15,2025-08-22,Returned,Debit Card
5104,CUST-109,Customer_9,Ghaziabad,Home Office,PROD-209,Sunscreen Gel SPF50,Beauty,250.0,599.0,1,0.0,2025-12-24,2025-12-28,Delivered,COD
5105,CUST-146,Customer_46,Ghaziabad,Consumer,PROD-207,Designer Handbag,Fashion,2500.0,5999.0,4,0.0,2025-10-10,2025-10-11,Delivered,Credit Card
5106,CUST-130,Customer_30,Noida,Consumer,PROD-202,Smartwatch Pro,Electronics,2200.0,4999.0,3,0.2,2025-09-13,2025-09-19,Delivered,Debit Card
5107,CUST-131,Customer_31,Ghaziabad,Corporate,PROD-210,Ergonomic Chair,Home & Kitchen,3500.0,7999.0,2,0.15,2025-08-22,2025-08-27,Returned,Credit Card
5108,CUST-133,Customer_33,Noida,Corporate,PROD-205,Cotton Casual Shirt,Fashion,450.0,1199.0,4,0.1,2025-05-22,2025-05-29,Delivered,COD
5109,CUST-101,Customer_1,Noida,Consumer,PROD-217,Hair Care Oil 200ml,Beauty,180.0,450.0,4,0.05,2025-06-02,2025-06-09,Returned,Net Banking
5110,CUST-131,Customer_31,Ghaziabad,Corporate,PROD-209,Sunscreen Gel SPF50,Beauty,250.0,599.0,4,0.15,2025-10-10,2025-10-17,Delivered,Debit Card
5111,CUST-145,Customer_45,Mumbai,Consumer,PROD-216,Denim Jeans Regular,Fashion,800.0,1999.0,4,0.0,2025-04-30,2025-05-07,Cancelled,Debit Card
5112,CUST-131,Customer_31,Ghaziabad,Corporate,PROD-211,Non-Stick Cookware Set,Home & Kitchen,1500.0,3299.0,2,0.15,2025-12-06,2025-12-13,Delivered,UPI
5113,CUST-133,Customer_33,Noida,Corporate,PROD-215,Whey Protein 1kg,Fitness,1800.0,3499.0,4,0.0,2025-02-21,2025-02-28,Delivered,COD
5114,CUST-101,Customer_1,Noida,Consumer,PROD-216,Denim Jeans Regular,Fashion,800.0,1999.0,1,0.15,2025-12-02,2025-12-04,Delivered,Debit Card
5115,CUST-140,Customer_40,Gurgaon,Home Office,PROD-212,Air Fryer 4L Digital,Home & Kitchen,3200.0,6499.0,3,0.2,2025-02-11,2025-02-18,Delivered,Net Banking
5116,CUST-141,Customer_41,Ghaziabad,Consumer,PROD-212,Air Fryer 4L Digital,Home & Kitchen,3200.0,6499.0,1,0.05,2025-01-19,2025-01-24,Delivered,Debit Card
5117,CUST-148,Customer_48,Faridabad,Consumer,PROD-204,Bluetooth Speaker,Electronics,800.0,1899.0,1,0.15,2025-02-20,2025-02-27,Cancelled,Credit Card
5118,CUST-120,Customer_20,Bangalore,Consumer,PROD-201,Wireless Headphones,Electronics,1200.0,2500.0,1,0.1,2025-06-16,2025-06-23,Delivered,Debit Card
5119,CUST-128,Customer_28,Chennai,Corporate,PROD-206,Running Shoes,Fashion,1100.0,2799.0,2,0.05,2025-09-29,2025-10-03,Delivered,Credit Card
5120,CUST-140,Customer_40,Gurgaon,Home Office,PROD-212,Air Fryer 4L Digital,Home & Kitchen,3200.0,6499.0,4,0.2,2025-12-16,2025-12-18,Delivered,Credit Card
5121,CUST-130,Customer_30,Noida,Consumer,PROD-209,Sunscreen Gel SPF50,Beauty,250.0,599.0,1,0.15,2025-05-11,2025-05-17,Cancelled,Debit Card
5122,CUST-135,Customer_35,Mumbai,Consumer,PROD-205,Cotton Casual Shirt,Fashion,450.0,1199.0,3,0.15,2025-08-15,2025-08-18,Delivered,Debit Card
5123,CUST-120,Customer_20,Bangalore,Consumer,PROD-216,Denim Jeans Regular,Fashion,800.0,1999.0,2,0.15,2025-09-05,2025-09-06,Delivered,COD
5124,CUST-137,Customer_37,Ghaziabad,Home Office,PROD-217,Hair Care Oil 200ml,Beauty,180.0,450.0,4,0.1,2025-06-01,2025-06-02,Returned,UPI
5125,CUST-144,Customer_44,Pune,Consumer,PROD-213,Mechanical Keyboard,Electronics,1500.0,3499.0,3,0.05,2025-09-12,2025-09-19,Delivered,COD
5126,CUST-115,Customer_15,Delhi,Consumer,PROD-207,Designer Handbag,Fashion,2500.0,5999.0,2,0.0,2025-12-14,2025-12-21,Delivered,UPI
5127,CUST-129,Customer_29,Chennai,Consumer,PROD-213,Mechanical Keyboard,Electronics,1500.0,3499.0,2,0.0,2025-07-06,2025-07-12,Delivered,Debit Card
5128,CUST-148,Customer_48,Faridabad,Consumer,PROD-210,Ergonomic Chair,Home & Kitchen,3500.0,7999.0,3,0.2,2025-04-13,2025-04-15,Delivered,COD
5129,CUST-111,Customer_11,Pune,Consumer,PROD-209,Sunscreen Gel SPF50,Beauty,250.0,599.0,3,0.0,2025-06-01,2025-06-07,Delivered,Net Banking
5130,CUST-110,Customer_10,Chennai,Consumer,PROD-216,Denim Jeans Regular,Fashion,800.0,1999.0,1,0.15,2025-10-13,2025-10-16,Delivered,UPI
5131,CUST-135,Customer_35,Mumbai,Consumer,PROD-204,Bluetooth Speaker,Electronics,800.0,1899.0,3,0.2,2025-07-08,2025-07-14,Cancelled,Net Banking
5132,CUST-124,Customer_24,Hyderabad,Home Office,PROD-202,Smartwatch Pro,Electronics,2200.0,4999.0,3,0.2,2025-08-30,2025-08-31,Cancelled,Credit Card
5133,CUST-105,Customer_5,Pune,Consumer,PROD-212,Air Fryer 4L Digital,Home & Kitchen,3200.0,6499.0,4,0.0,2025-06-04,2025-06-10,Delivered,Credit Card
5134,CUST-103,Customer_3,Ghaziabad,Consumer,PROD-209,Sunscreen Gel SPF50,Beauty,250.0,599.0,2,0.2,2025-03-01,2025-03-02,Delivered,Credit Card
5135,CUST-130,Customer_30,Noida,Consumer,PROD-217,Hair Care Oil 200ml,Beauty,180.0,450.0,4,0.2,2025-12-23,2025-12-28,Delivered,Credit Card
5136,CUST-142,Customer_42,Hyderabad,Corporate,PROD-204,Bluetooth Speaker,Electronics,800.0,1899.0,3,0.0,2025-11-12,2025-11-16,Delivered,Debit Card
5137,CUST-129,Customer_29,Chennai,Consumer,PROD-210,Ergonomic Chair,Home & Kitchen,3500.0,7999.0,3,0.2,2025-07-05,2025-07-06,Delivered,Debit Card
5138,CUST-126,Customer_26,Noida,Home Office,PROD-208,Face Serum 30ml,Beauty,300.0,899.0,4,0.0,2025-03-04,2025-03-11,Cancelled,Credit Card
5139,CUST-141,Customer_41,Ghaziabad,Consumer,PROD-214,Yoga Mat Extra Thick,Fitness,400.0,999.0,3,0.05,2025-01-26,2025-02-02,Returned,Credit Card
5140,CUST-114,Customer_14,Chennai,Corporate,PROD-213,Mechanical Keyboard,Electronics,1500.0,3499.0,2,0.05,2025-04-17,2025-04-22,Delivered,Debit Card
5141,CUST-139,Customer_39,Noida,Home Office,PROD-203,"Gaming Laptop 15""",Electronics,45000.0,75000.0,3,0.05,2025-03-16,2025-03-18,Cancelled,UPI
5142,CUST-102,Customer_2,Faridabad,Consumer,PROD-205,Cotton Casual Shirt,Fashion,450.0,1199.0,2,0.2,2025-07-03,2025-07-10,Delivered,Debit Card
5143,CUST-112,Customer_12,Pune,Corporate,PROD-208,Face Serum 30ml,Beauty,300.0,899.0,4,0.2,2025-03-06,2025-03-12,Cancelled,UPI
5144,CUST-105,Customer_5,Pune,Consumer,PROD-211,Non-Stick Cookware Set,Home & Kitchen,1500.0,3299.0,1,0.15,2025-07-05,2025-07-10,Delivered,COD
5145,CUST-140,Customer_40,Gurgaon,Home Office,PROD-213,Mechanical Keyboard,Electronics,1500.0,3499.0,1,0.0,2025-06-04,2025-06-08,Delivered,Net Banking
5146,CUST-128,Customer_28,Chennai,Corporate,PROD-204,Bluetooth Speaker,Electronics,800.0,1899.0,1,0.1,2025-08-16,2025-08-17,Delivered,COD
5147,CUST-105,Customer_5,Pune,Consumer,PROD-207,Designer Handbag,Fashion,2500.0,5999.0,3,0.15,2025-11-16,2025-11-22,Returned,COD
5148,CUST-119,Customer_19,Noida,Consumer,PROD-212,Air Fryer 4L Digital,Home & Kitchen,3200.0,6499.0,1,0.0,2025-11-06,2025-11-10,Cancelled,COD
5149,CUST-114,Customer_14,Chennai,Corporate,PROD-211,Non-Stick Cookware Set,Home & Kitchen,1500.0,3299.0,3,0.15,2025-04-27,2025-05-01,Delivered,Net Banking
5150,CUST-147,Customer_47,Mumbai,Corporate,PROD-203,"Gaming Laptop 15""",Electronics,45000.0,75000.0,3,0.1,2025-08-07,2025-08-10,Cancelled,Credit Card
5151,CUST-131,Customer_31,Ghaziabad,Corporate,PROD-201,Wireless Headphones,Electronics,1200.0,2500.0,4,0.0,2025-02-13,2025-02-14,Delivered,Debit Card
5152,CUST-136,Customer_36,Mumbai,Corporate,PROD-213,Mechanical Keyboard,Electronics,1500.0,3499.0,3,0.0,2025-10-15,2025-10-20,Delivered,Net Banking
5153,CUST-143,Customer_43,Faridabad,Home Office,PROD-212,Air Fryer 4L Digital,Home & Kitchen,3200.0,6499.0,3,0.1,2025-01-27,2025-01-30,Returned,UPI
5154,CUST-133,Customer_33,Noida,Corporate,PROD-206,Running Shoes,Fashion,1100.0,2799.0,2,0.0,2025-12-03,2025-12-07,Returned,Debit Card
5155,CUST-124,Customer_24,Hyderabad,Home Office,PROD-203,"Gaming Laptop 15""",Electronics,45000.0,75000.0,4,0.2,2025-10-21,2025-10-23,Returned,COD
5156,CUST-144,Customer_44,Pune,Consumer,PROD-214,Yoga Mat Extra Thick,Fitness,400.0,999.0,3,0.0,2025-11-08,2025-11-14,Delivered,Credit Card
5157,CUST-145,Customer_45,Mumbai,Consumer,PROD-209,Sunscreen Gel SPF50,Beauty,250.0,599.0,2,0.05,2025-06-29,2025-06-30,Cancelled,COD
5158,CUST-126,Customer_26,Noida,Home Office,PROD-202,Smartwatch Pro,Electronics,2200.0,4999.0,1,0.2,2025-11-21,2025-11-22,Delivered,Credit Card
5159,CUST-127,Customer_27,Faridabad,Home Office,PROD-211,Non-Stick Cookware Set,Home & Kitchen,1500.0,3299.0,3,0.1,2025-03-22,2025-03-25,Returned,COD
5160,CUST-106,Customer_6,Chennai,Corporate,PROD-202,Smartwatch Pro,Electronics,2200.0,4999.0,1,0.0,2025-03-22,2025-03-29,Delivered,Debit Card
5161,CUST-143,Customer_43,Faridabad,Home Office,PROD-211,Non-Stick Cookware Set,Home & Kitchen,1500.0,3299.0,4,0.1,2025-11-07,2025-11-11,Returned,Credit Card
5162,CUST-108,Customer_8,Noida,Consumer,PROD-209,Sunscreen Gel SPF50,Beauty,250.0,599.0,4,0.2,2025-02-26,2025-03-01,Delivered,Debit Card
5163,CUST-115,Customer_15,Delhi,Consumer,PROD-212,Air Fryer 4L Digital,Home & Kitchen,3200.0,6499.0,2,0.1,2025-01-29,2025-01-30,Delivered,Credit Card
5164,CUST-149,Customer_49,Ghaziabad,Home Office,PROD-209,Sunscreen Gel SPF50,Beauty,250.0,599.0,1,0.15,2025-06-17,2025-06-18,Delivered,Net Banking
5165,CUST-109,Customer_9,Ghaziabad,Home Office,PROD-212,Air Fryer 4L Digital,Home & Kitchen,3200.0,6499.0,3,0.0,2025-12-27,2025-12-29,Cancelled,Net Banking
5166,CUST-103,Customer_3,Ghaziabad,Consumer,PROD-210,Ergonomic Chair,Home & Kitchen,3500.0,7999.0,3,0.2,2025-08-24,2025-08-25,Returned,Net Banking
5167,CUST-126,Customer_26,Noida,Home Office,PROD-211,Non-Stick Cookware Set,Home & Kitchen,1500.0,3299.0,1,0.1,2025-02-28,2025-03-04,Returned,Credit Card
5168,CUST-130,Customer_30,Noida,Consumer,PROD-208,Face Serum 30ml,Beauty,300.0,899.0,1,0.05,2025-08-12,2025-08-19,Returned,Net Banking
5169,CUST-126,Customer_26,Noida,Home Office,PROD-214,Yoga Mat Extra Thick,Fitness,400.0,999.0,3,0.1,2025-07-22,2025-07-29,Delivered,Credit Card
5170,CUST-150,Customer_50,Mumbai,Consumer,PROD-205,Cotton Casual Shirt,Fashion,450.0,1199.0,1,0.2,2025-09-19,2025-09-25,Delivered,COD
5171,CUST-150,Customer_50,Mumbai,Consumer,PROD-209,Sunscreen Gel SPF50,Beauty,250.0,599.0,2,0.05,2025-11-27,2025-12-04,Delivered,UPI
5172,CUST-117,Customer_17,Faridabad,Consumer,PROD-206,Running Shoes,Fashion,1100.0,2799.0,1,0.05,2025-11-05,2025-11-07,Delivered,Net Banking
5173,CUST-149,Customer_49,Ghaziabad,Home Office,PROD-218,Adjustable Dumbbells Pair,Fitness,2500.0,5499.0,3,0.1,2025-08-18,2025-08-24,Delivered,Credit Card
5174,CUST-105,Customer_5,Pune,Consumer,PROD-211,Non-Stick Cookware Set,Home & Kitchen,1500.0,3299.0,3,0.2,2025-11-20,2025-11-23,Delivered,UPI
5175,CUST-133,Customer_33,Noida,Corporate,PROD-203,"Gaming Laptop 15""",Electronics,45000.0,75000.0,1,0.0,2025-08-25,2025-08-29,Delivered,Debit Card
5176,CUST-105,Customer_5,Pune,Consumer,PROD-213,Mechanical Keyboard,Electronics,1500.0,3499.0,4,0.15,2025-11-01,2025-11-06,Returned,COD
5177,CUST-148,Customer_48,Faridabad,Consumer,PROD-204,Bluetooth Speaker,Electronics,800.0,1899.0,2,0.1,2025-10-20,2025-10-26,Delivered,COD
5178,CUST-133,Customer_33,Noida,Corporate,PROD-205,Cotton Casual Shirt,Fashion,450.0,1199.0,3,0.0,2025-08-19,2025-08-20,Cancelled,COD
5179,CUST-112,Customer_12,Pune,Corporate,PROD-202,Smartwatch Pro,Electronics,2200.0,4999.0,2,0.1,2025-08-13,2025-08-17,Delivered,Debit Card
5180,CUST-125,Customer_25,Noida,Corporate,PROD-211,Non-Stick Cookware Set,Home & Kitchen,1500.0,3299.0,1,0.1,2025-12-14,2025-12-19,Delivered,UPI
5181,CUST-107,Customer_7,Delhi,Consumer,PROD-218,Adjustable Dumbbells Pair,Fitness,2500.0,5499.0,3,0.2,2025-07-17,2025-07-20,Delivered,Credit Card
5182,CUST-106,Customer_6,Chennai,Corporate,PROD-218,Adjustable Dumbbells Pair,Fitness,2500.0,5499.0,3,0.15,2025-03-14,2025-03-17,Returned,Credit Card
5183,CUST-146,Customer_46,Ghaziabad,Consumer,PROD-203,"Gaming Laptop 15""",Electronics,45000.0,75000.0,3,0.05,2025-10-14,2025-10-18,Delivered,COD
5184,CUST-142,Customer_42,Hyderabad,Corporate,PROD-212,Air Fryer 4L Digital,Home & Kitchen,3200.0,6499.0,3,0.1,2025-07-05,2025-07-06,Delivered,Credit Card
5185,CUST-122,Customer_22,Chennai,Corporate,PROD-210,Ergonomic Chair,Home & Kitchen,3500.0,7999.0,2,0.0,2025-04-26,2025-04-28,Delivered,Debit Card
5186,CUST-133,Customer_33,Noida,Corporate,PROD-218,Adjustable Dumbbells Pair,Fitness,2500.0,5499.0,3,0.2,2025-09-27,2025-09-28,Returned,Credit Card
5187,CUST-125,Customer_25,Noida,Corporate,PROD-206,Running Shoes,Fashion,1100.0,2799.0,2,0.15,2025-04-03,2025-04-10,Delivered,UPI
5188,CUST-124,Customer_24,Hyderabad,Home Office,PROD-216,Denim Jeans Regular,Fashion,800.0,1999.0,4,0.05,2025-11-09,2025-11-12,Delivered,COD
5189,CUST-120,Customer_20,Bangalore,Consumer,PROD-210,Ergonomic Chair,Home & Kitchen,3500.0,7999.0,4,0.15,2025-07-08,2025-07-14,Delivered,Debit Card
5190,CUST-133,Customer_33,Noida,Corporate,PROD-215,Whey Protein 1kg,Fitness,1800.0,3499.0,2,0.2,2025-03-24,2025-03-31,Delivered,Credit Card
5191,CUST-104,Customer_4,Noida,Home Office,PROD-211,Non-Stick Cookware Set,Home & Kitchen,1500.0,3299.0,1,0.1,2025-10-11,2025-10-12,Delivered,UPI
5192,CUST-118,Customer_18,Ghaziabad,Corporate,PROD-212,Air Fryer 4L Digital,Home & Kitchen,3200.0,6499.0,4,0.0,2025-03-17,2025-03-24,Delivered,Credit Card
5193,CUST-123,Customer_23,Delhi,Home Office,PROD-204,Bluetooth Speaker,Electronics,800.0,1899.0,3,0.05,2025-01-28,2025-02-01,Delivered,Net Banking
5194,CUST-124,Customer_24,Hyderabad,Home Office,PROD-205,Cotton Casual Shirt,Fashion,450.0,1199.0,3,0.05,2025-06-13,2025-06-14,Delivered,Credit Card
5195,CUST-119,Customer_19,Noida,Consumer,PROD-212,Air Fryer 4L Digital,Home & Kitchen,3200.0,6499.0,4,0.15,2025-03-13,2025-03-20,Delivered,COD
5196,CUST-106,Customer_6,Chennai,Corporate,PROD-203,"Gaming Laptop 15""",Electronics,45000.0,75000.0,2,0.2,2025-04-21,2025-04-28,Returned,COD
5197,CUST-128,Customer_28,Chennai,Corporate,PROD-203,"Gaming Laptop 15""",Electronics,45000.0,75000.0,1,0.0,2025-05-02,2025-05-05,Delivered,Credit Card
5198,CUST-141,Customer_41,Ghaziabad,Consumer,PROD-215,Whey Protein 1kg,Fitness,1800.0,3499.0,4,0.2,2025-02-02,2025-02-03,Delivered,COD
5199,CUST-141,Customer_41,Ghaziabad,Consumer,PROD-218,Adjustable Dumbbells Pair,Fitness,2500.0,5499.0,2,0.1,2025-05-04,2025-05-10,Delivered,Net Banking
5200,CUST-140,Customer_40,Gurgaon,Home Office,PROD-208,Face Serum 30ml,Beauty,300.0,899.0,2,0.0,2025-10-20,2025-10-24,Delivered,COD
5201,CUST-105,Customer_5,Pune,Consumer,PROD-218,Adjustable Dumbbells Pair,Fitness,2500.0,5499.0,1,0.15,2025-09-17,2025-09-24,Delivered,Net Banking
5202,CUST-141,Customer_41,Ghaziabad,Consumer,PROD-211,Non-Stick Cookware Set,Home & Kitchen,1500.0,3299.0,1,0.1,2025-05-10,2025-05-16,Delivered,UPI
5203,CUST-116,Customer_16,Bangalore,Corporate,PROD-213,Mechanical Keyboard,Electronics,1500.0,3499.0,1,0.1,2025-06-20,2025-06-22,Delivered,COD
5204,CUST-142,Customer_42,Hyderabad,Corporate,PROD-216,Denim Jeans Regular,Fashion,800.0,1999.0,2,0.05,2025-12-23,2025-12-27,Cancelled,UPI
5205,CUST-150,Customer_50,Mumbai,Consumer,PROD-210,Ergonomic Chair,Home & Kitchen,3500.0,7999.0,1,0.05,2025-05-31,2025-06-02,Delivered,UPI
5206,CUST-120,Customer_20,Bangalore,Consumer,PROD-215,Whey Protein 1kg,Fitness,1800.0,3499.0,3,0.0,2025-10-06,2025-10-10,Delivered,Credit Card
5207,CUST-123,Customer_23,Delhi,Home Office,PROD-203,"Gaming Laptop 15""",Electronics,45000.0,75000.0,3,0.15,2025-05-20,2025-05-21,Cancelled,Net Banking
5208,CUST-129,Customer_29,Chennai,Consumer,PROD-211,Non-Stick Cookware Set,Home & Kitchen,1500.0,3299.0,4,0.1,2025-04-06,2025-04-10,Delivered,COD
5209,CUST-106,Customer_6,Chennai,Corporate,PROD-210,Ergonomic Chair,Home & Kitchen,3500.0,7999.0,2,0.2,2025-08-09,2025-08-14,Delivered,Debit Card
5210,CUST-107,Customer_7,Delhi,Consumer,PROD-203,"Gaming Laptop 15""",Electronics,45000.0,75000.0,3,0.15,2025-12-05,2025-12-08,Cancelled,COD
5211,CUST-128,Customer_28,Chennai,Corporate,PROD-216,Denim Jeans Regular,Fashion,800.0,1999.0,1,0.1,2025-06-29,2025-07-03,Delivered,COD
5212,CUST-118,Customer_18,Ghaziabad,Corporate,PROD-201,Wireless Headphones,Electronics,1200.0,2500.0,4,0.1,2025-12-10,2025-12-16,Cancelled,COD
5213,CUST-144,Customer_44,Pune,Consumer,PROD-205,Cotton Casual Shirt,Fashion,450.0,1199.0,4,0.0,2025-03-15,2025-03-22,Delivered,Credit Card
5214,CUST-116,Customer_16,Bangalore,Corporate,PROD-209,Sunscreen Gel SPF50,Beauty,250.0,599.0,1,0.2,2025-07-16,2025-07-21,Cancelled,Credit Card
5215,CUST-129,Customer_29,Chennai,Consumer,PROD-209,Sunscreen Gel SPF50,Beauty,250.0,599.0,1,0.2,2025-08-16,2025-08-23,Returned,Credit Card
5216,CUST-124,Customer_24,Hyderabad,Home Office,PROD-211,Non-Stick Cookware Set,Home & Kitchen,1500.0,3299.0,2,0.0,2025-11-29,2025-12-02,Cancelled,UPI
5217,CUST-112,Customer_12,Pune,Corporate,PROD-212,Air Fryer 4L Digital,Home & Kitchen,3200.0,6499.0,1,0.1,2025-07-18,2025-07-23,Cancelled,Debit Card
5218,CUST-129,Customer_29,Chennai,Consumer,PROD-207,Designer Handbag,Fashion,2500.0,5999.0,2,0.0,2025-12-22,2025-12-26,Delivered,Credit Card
5219,CUST-129,Customer_29,Chennai,Consumer,PROD-216,Denim Jeans Regular,Fashion,800.0,1999.0,3,0.1,2025-02-14,2025-02-21,Returned,UPI
5220,CUST-135,Customer_35,Mumbai,Consumer,PROD-209,Sunscreen Gel SPF50,Beauty,250.0,599.0,2,0.1,2025-03-22,2025-03-28,Delivered,COD
5221,CUST-108,Customer_8,Noida,Consumer,PROD-206,Running Shoes,Fashion,1100.0,2799.0,4,0.0,2025-05-02,2025-05-09,Returned,Debit Card
5222,CUST-137,Customer_37,Ghaziabad,Home Office,PROD-209,Sunscreen Gel SPF50,Beauty,250.0,599.0,1,0.0,2025-10-10,2025-10-12,Delivered,Debit Card
5223,CUST-146,Customer_46,Ghaziabad,Consumer,PROD-212,Air Fryer 4L Digital,Home & Kitchen,3200.0,6499.0,4,0.2,2025-07-30,2025-08-06,Delivered,UPI
5224,CUST-121,Customer_21,Mumbai,Corporate,PROD-204,Bluetooth Speaker,Electronics,800.0,1899.0,3,0.05,2025-08-27,2025-09-02,Cancelled,COD
5225,CUST-138,Customer_38,Faridabad,Home Office,PROD-206,Running Shoes,Fashion,1100.0,2799.0,1,0.0,2025-08-10,2025-08-15,Delivered,COD
5226,CUST-120,Customer_20,Bangalore,Consumer,PROD-206,Running Shoes,Fashion,1100.0,2799.0,2,0.1,2025-06-15,2025-06-21,Delivered,COD
5227,CUST-106,Customer_6,Chennai,Corporate,PROD-208,Face Serum 30ml,Beauty,300.0,899.0,3,0.05,2025-11-22,2025-11-27,Returned,Debit Card
5228,CUST-135,Customer_35,Mumbai,Consumer,PROD-213,Mechanical Keyboard,Electronics,1500.0,3499.0,2,0.05,2025-11-25,2025-11-27,Cancelled,COD
5229,CUST-139,Customer_39,Noida,Home Office,PROD-217,Hair Care Oil 200ml,Beauty,180.0,450.0,1,0.0,2025-01-22,2025-01-29,Cancelled,UPI
5230,CUST-150,Customer_50,Mumbai,Consumer,PROD-215,Whey Protein 1kg,Fitness,1800.0,3499.0,4,0.2,2025-11-30,2025-12-02,Delivered,UPI
5231,CUST-141,Customer_41,Ghaziabad,Consumer,PROD-215,Whey Protein 1kg,Fitness,1800.0,3499.0,4,0.05,2025-11-25,2025-11-28,Delivered,Net Banking
5232,CUST-130,Customer_30,Noida,Consumer,PROD-201,Wireless Headphones,Electronics,1200.0,2500.0,4,0.15,2025-03-22,2025-03-26,Delivered,Net Banking
5233,CUST-122,Customer_22,Chennai,Corporate,PROD-214,Yoga Mat Extra Thick,Fitness,400.0,999.0,3,0.1,2025-06-10,2025-06-17,Delivered,Net Banking
5234,CUST-149,Customer_49,Ghaziabad,Home Office,PROD-217,Hair Care Oil 200ml,Beauty,180.0,450.0,3,0.05,2025-10-15,2025-10-16,Delivered,Net Banking
5235,CUST-118,Customer_18,Ghaziabad,Corporate,PROD-210,Ergonomic Chair,Home & Kitchen,3500.0,7999.0,1,0.1,2025-03-14,2025-03-15,Returned,Net Banking
5236,CUST-127,Customer_27,Faridabad,Home Office,PROD-206,Running Shoes,Fashion,1100.0,2799.0,3,0.05,2025-06-17,2025-06-22,Delivered,Credit Card
5237,CUST-133,Customer_33,Noida,Corporate,PROD-211,Non-Stick Cookware Set,Home & Kitchen,1500.0,3299.0,1,0.0,2025-06-07,2025-06-11,Returned,Net Banking
5238,CUST-130,Customer_30,Noida,Consumer,PROD-206,Running Shoes,Fashion,1100.0,2799.0,1,0.0,2025-10-26,2025-10-29,Delivered,Debit Card
5239,CUST-139,Customer_39,Noida,Home Office,PROD-211,Non-Stick Cookware Set,Home & Kitchen,1500.0,3299.0,1,0.15,2025-10-02,2025-10-03,Delivered,Credit Card
5240,CUST-147,Customer_47,Mumbai,Corporate,PROD-209,Sunscreen Gel SPF50,Beauty,250.0,599.0,4,0.0,2025-07-07,2025-07-08,Returned,COD
5241,CUST-113,Customer_13,Ghaziabad,Corporate,PROD-217,Hair Care Oil 200ml,Beauty,180.0,450.0,4,0.2,2025-05-28,2025-05-29,Returned,Net Banking
5242,CUST-118,Customer_18,Ghaziabad,Corporate,PROD-218,Adjustable Dumbbells Pair,Fitness,2500.0,5499.0,2,0.0,2025-11-09,2025-11-10,Delivered,Net Banking
5243,CUST-122,Customer_22,Chennai,Corporate,PROD-215,Whey Protein 1kg,Fitness,1800.0,3499.0,4,0.2,2025-03-15,2025-03-17,Delivered,UPI
5244,CUST-103,Customer_3,Ghaziabad,Consumer,PROD-207,Designer Handbag,Fashion,2500.0,5999.0,4,0.05,2025-08-31,2025-09-05,Returned,COD
5245,CUST-109,Customer_9,Ghaziabad,Home Office,PROD-217,Hair Care Oil 200ml,Beauty,180.0,450.0,4,0.2,2025-06-13,2025-06-15,Returned,Debit Card
5246,CUST-122,Customer_22,Chennai,Corporate,PROD-218,Adjustable Dumbbells Pair,Fitness,2500.0,5499.0,3,0.15,2025-09-30,2025-10-04,Delivered,UPI
5247,CUST-122,Customer_22,Chennai,Corporate,PROD-204,Bluetooth Speaker,Electronics,800.0,1899.0,1,0.2,2025-10-26,2025-10-29,Delivered,Net Banking
5248,CUST-142,Customer_42,Hyderabad,Corporate,PROD-218,Adjustable Dumbbells Pair,Fitness,2500.0,5499.0,1,0.2,2025-04-27,2025-05-03,Delivered,Net Banking
5249,CUST-134,Customer_34,Faridabad,Corporate,PROD-215,Whey Protein 1kg,Fitness,1800.0,3499.0,2,0.0,2025-03-17,2025-03-24,Cancelled,COD
5250,CUST-108,Customer_8,Noida,Consumer,PROD-205,Cotton Casual Shirt,Fashion,450.0,1199.0,4,0.05,2025-08-14,2025-08-17,Cancelled,Net Banking
5251,CUST-114,Customer_14,Chennai,Corporate,PROD-212,Air Fryer 4L Digital,Home & Kitchen,3200.0,6499.0,1,0.05,2025-11-10,2025-11-14,Delivered,COD
5252,CUST-136,Customer_36,Mumbai,Corporate,PROD-217,Hair Care Oil 200ml,Beauty,180.0,450.0,4,0.1,2025-09-02,2025-09-07,Delivered,Credit Card
5253,CUST-135,Customer_35,Mumbai,Consumer,PROD-217,Hair Care Oil 200ml,Beauty,180.0,450.0,3,0.2,2025-07-01,2025-07-07,Delivered,Net Banking
5254,CUST-116,Customer_16,Bangalore,Corporate,PROD-217,Hair Care Oil 200ml,Beauty,180.0,450.0,3,0.1,2025-06-02,2025-06-04,Cancelled,Credit Card
5255,CUST-146,Customer_46,Ghaziabad,Consumer,PROD-211,Non-Stick Cookware Set,Home & Kitchen,1500.0,3299.0,3,0.1,2025-09-03,2025-09-06,Returned,UPI
5256,CUST-144,Customer_44,Pune,Consumer,PROD-215,Whey Protein 1kg,Fitness,1800.0,3499.0,3,0.05,2025-07-22,2025-07-29,Delivered,Debit Card
5257,CUST-119,Customer_19,Noida,Consumer,PROD-203,"Gaming Laptop 15""",Electronics,45000.0,75000.0,3,0.15,2025-08-15,2025-08-21,Delivered,Credit Card
5258,CUST-135,Customer_35,Mumbai,Consumer,PROD-217,Hair Care Oil 200ml,Beauty,180.0,450.0,2,0.0,2025-12-23,2025-12-26,Cancelled,COD
5259,CUST-138,Customer_38,Faridabad,Home Office,PROD-206,Running Shoes,Fashion,1100.0,2799.0,2,0.05,2025-01-26,2025-02-01,Delivered,UPI
5260,CUST-127,Customer_27,Faridabad,Home Office,PROD-217,Hair Care Oil 200ml,Beauty,180.0,450.0,2,0.0,2025-08-30,2025-08-31,Delivered,COD
5261,CUST-127,Customer_27,Faridabad,Home Office,PROD-211,Non-Stick Cookware Set,Home & Kitchen,1500.0,3299.0,3,0.1,2025-11-30,2025-12-02,Cancelled,Debit Card
5262,CUST-104,Customer_4,Noida,Home Office,PROD-213,Mechanical Keyboard,Electronics,1500.0,3499.0,1,0.05,2025-04-29,2025-05-04,Delivered,Net Banking
5263,CUST-103,Customer_3,Ghaziabad,Consumer,PROD-211,Non-Stick Cookware Set,Home & Kitchen,1500.0,3299.0,3,0.0,2025-04-06,2025-04-12,Delivered,UPI
5264,CUST-137,Customer_37,Ghaziabad,Home Office,PROD-214,Yoga Mat Extra Thick,Fitness,400.0,999.0,4,0.2,2025-06-21,2025-06-24,Delivered,COD
5265,CUST-109,Customer_9,Ghaziabad,Home Office,PROD-215,Whey Protein 1kg,Fitness,1800.0,3499.0,1,0.1,2025-05-20,2025-05-22,Cancelled,Credit Card
5266,CUST-130,Customer_30,Noida,Consumer,PROD-217,Hair Care Oil 200ml,Beauty,180.0,450.0,3,0.1,2025-04-06,2025-04-07,Cancelled,COD
5267,CUST-149,Customer_49,Ghaziabad,Home Office,PROD-206,Running Shoes,Fashion,1100.0,2799.0,4,0.15,2025-11-09,2025-11-16,Delivered,COD
5268,CUST-106,Customer_6,Chennai,Corporate,PROD-212,Air Fryer 4L Digital,Home & Kitchen,3200.0,6499.0,2,0.15,2025-02-18,2025-02-20,Delivered,Debit Card
5269,CUST-101,Customer_1,Noida,Consumer,PROD-209,Sunscreen Gel SPF50,Beauty,250.0,599.0,3,0.1,2025-05-01,2025-05-05,Returned,Debit Card
5270,CUST-147,Customer_47,Mumbai,Corporate,PROD-214,Yoga Mat Extra Thick,Fitness,400.0,999.0,3,0.05,2025-05-14,2025-05-20,Cancelled,UPI
5271,CUST-108,Customer_8,Noida,Consumer,PROD-211,Non-Stick Cookware Set,Home & Kitchen,1500.0,3299.0,3,0.0,2025-03-23,2025-03-27,Delivered,Debit Card
5272,CUST-140,Customer_40,Gurgaon,Home Office,PROD-206,Running Shoes,Fashion,1100.0,2799.0,2,0.15,2025-03-10,2025-03-14,Delivered,COD
5273,CUST-127,Customer_27,Faridabad,Home Office,PROD-215,Whey Protein 1kg,Fitness,1800.0,3499.0,2,0.05,2025-10-03,2025-10-10,Delivered,COD
5274,CUST-134,Customer_34,Faridabad,Corporate,PROD-212,Air Fryer 4L Digital,Home & Kitchen,3200.0,6499.0,1,0.2,2025-12-27,2025-12-30,Delivered,UPI
5275,CUST-136,Customer_36,Mumbai,Corporate,PROD-214,Yoga Mat Extra Thick,Fitness,400.0,999.0,2,0.05,2025-10-21,2025-10-26,Returned,Debit Card
5276,CUST-129,Customer_29,Chennai,Consumer,PROD-202,Smartwatch Pro,Electronics,2200.0,4999.0,1,0.2,2025-10-26,2025-10-30,Delivered,Net Banking
5277,CUST-130,Customer_30,Noida,Consumer,PROD-216,Denim Jeans Regular,Fashion,800.0,1999.0,1,0.2,2025-08-22,2025-08-27,Cancelled,Net Banking
5278,CUST-120,Customer_20,Bangalore,Consumer,PROD-204,Bluetooth Speaker,Electronics,800.0,1899.0,1,0.05,2025-05-11,2025-05-18,Delivered,COD
5279,CUST-103,Customer_3,Ghaziabad,Consumer,PROD-211,Non-Stick Cookware Set,Home & Kitchen,1500.0,3299.0,1,0.0,2025-12-25,2025-12-26,Delivered,Net Banking
5280,CUST-119,Customer_19,Noida,Consumer,PROD-210,Ergonomic Chair,Home & Kitchen,3500.0,7999.0,4,0.1,2025-03-11,2025-03-18,Delivered,Net Banking
5281,CUST-125,Customer_25,Noida,Corporate,PROD-210,Ergonomic Chair,Home & Kitchen,3500.0,7999.0,2,0.1,2025-12-16,2025-12-22,Delivered,UPI
5282,CUST-135,Customer_35,Mumbai,Consumer,PROD-212,Air Fryer 4L Digital,Home & Kitchen,3200.0,6499.0,2,0.0,2025-03-07,2025-03-13,Delivered,UPI
5283,CUST-130,Customer_30,Noida,Consumer,PROD-215,Whey Protein 1kg,Fitness,1800.0,3499.0,2,0.05,2025-09-30,2025-10-04,Delivered,Net Banking
5284,CUST-110,Customer_10,Chennai,Consumer,PROD-208,Face Serum 30ml,Beauty,300.0,899.0,4,0.2,2025-02-27,2025-02-28,Delivered,UPI
5285,CUST-114,Customer_14,Chennai,Corporate,PROD-201,Wireless Headphones,Electronics,1200.0,2500.0,4,0.2,2025-11-01,2025-11-02,Delivered,UPI
5286,CUST-148,Customer_48,Faridabad,Consumer,PROD-204,Bluetooth Speaker,Electronics,800.0,1899.0,2,0.0,2025-08-13,2025-08-15,Returned,Credit Card
5287,CUST-119,Customer_19,Noida,Consumer,PROD-207,Designer Handbag,Fashion,2500.0,5999.0,3,0.05,2025-10-23,2025-10-28,Delivered,Debit Card
5288,CUST-143,Customer_43,Faridabad,Home Office,PROD-214,Yoga Mat Extra Thick,Fitness,400.0,999.0,3,0.0,2025-07-31,2025-08-03,Returned,COD
5289,CUST-148,Customer_48,Faridabad,Consumer,PROD-216,Denim Jeans Regular,Fashion,800.0,1999.0,1,0.1,2025-10-12,2025-10-16,Returned,Net Banking
5290,CUST-121,Customer_21,Mumbai,Corporate,PROD-211,Non-Stick Cookware Set,Home & Kitchen,1500.0,3299.0,4,0.05,2025-03-18,2025-03-21,Delivered,COD
5291,CUST-116,Customer_16,Bangalore,Corporate,PROD-207,Designer Handbag,Fashion,2500.0,5999.0,4,0.0,2025-03-15,2025-03-22,Delivered,COD
5292,CUST-127,Customer_27,Faridabad,Home Office,PROD-218,Adjustable Dumbbells Pair,Fitness,2500.0,5499.0,2,0.1,2025-03-10,2025-03-14,Delivered,Credit Card
5293,CUST-142,Customer_42,Hyderabad,Corporate,PROD-204,Bluetooth Speaker,Electronics,800.0,1899.0,2,0.0,2025-07-09,2025-07-10,Delivered,Debit Card
5294,CUST-144,Customer_44,Pune,Consumer,PROD-218,Adjustable Dumbbells Pair,Fitness,2500.0,5499.0,1,0.05,2025-01-21,2025-01-28,Cancelled,COD
5295,CUST-143,Customer_43,Faridabad,Home Office,PROD-214,Yoga Mat Extra Thick,Fitness,400.0,999.0,3,0.1,2025-09-03,2025-09-05,Delivered,UPI
5296,CUST-113,Customer_13,Ghaziabad,Corporate,PROD-204,Bluetooth Speaker,Electronics,800.0,1899.0,2,0.15,2025-05-05,2025-05-11,Returned,Credit Card
5297,CUST-121,Customer_21,Mumbai,Corporate,PROD-209,Sunscreen Gel SPF50,Beauty,250.0,599.0,3,0.1,2025-08-27,2025-09-01,Delivered,Debit Card
5298,CUST-133,Customer_33,Noida,Corporate,PROD-211,Non-Stick Cookware Set,Home & Kitchen,1500.0,3299.0,4,0.1,2025-02-20,2025-02-27,Delivered,Credit Card
5299,CUST-121,Customer_21,Mumbai,Corporate,PROD-210,Ergonomic Chair,Home & Kitchen,3500.0,7999.0,2,0.05,2025-10-16,2025-10-23,Delivered,UPI
5300,CUST-136,Customer_36,Mumbai,Corporate,PROD-218,Adjustable Dumbbells Pair,Fitness,2500.0,5499.0,2,0.05,2025-08-02,2025-08-05,Delivered,Debit Card
5301,CUST-125,Customer_25,Noida,Corporate,PROD-214,Yoga Mat Extra Thick,Fitness,400.0,999.0,3,0.1,2025-09-13,2025-09-18,Cancelled,Net Banking
5302,CUST-142,Customer_42,Hyderabad,Corporate,PROD-211,Non-Stick Cookware Set,Home & Kitchen,1500.0,3299.0,3,0.05,2025-03-28,2025-04-03,Cancelled,Credit Card
5303,CUST-135,Customer_35,Mumbai,Consumer,PROD-210,Ergonomic Chair,Home & Kitchen,3500.0,7999.0,1,0.2,2025-10-05,2025-10-11,Delivered,UPI
5304,CUST-143,Customer_43,Faridabad,Home Office,PROD-201,Wireless Headphones,Electronics,1200.0,2500.0,2,0.0,2025-07-31,2025-08-02,Delivered,Credit Card
5305,CUST-114,Customer_14,Chennai,Corporate,PROD-215,Whey Protein 1kg,Fitness,1800.0,3499.0,4,0.15,2025-07-11,2025-07-12,Delivered,UPI
5306,CUST-135,Customer_35,Mumbai,Consumer,PROD-215,Whey Protein 1kg,Fitness,1800.0,3499.0,3,0.2,2025-01-07,2025-01-08,Delivered,Debit Card
5307,CUST-133,Customer_33,Noida,Corporate,PROD-210,Ergonomic Chair,Home & Kitchen,3500.0,7999.0,2,0.05,2025-02-24,2025-02-25,Returned,Credit Card
5308,CUST-134,Customer_34,Faridabad,Corporate,PROD-209,Sunscreen Gel SPF50,Beauty,250.0,599.0,4,0.0,2025-05-17,2025-05-24,Delivered,Debit Card
5309,CUST-130,Customer_30,Noida,Consumer,PROD-214,Yoga Mat Extra Thick,Fitness,400.0,999.0,3,0.0,2025-12-23,2025-12-25,Delivered,UPI
5310,CUST-126,Customer_26,Noida,Home Office,PROD-211,Non-Stick Cookware Set,Home & Kitchen,1500.0,3299.0,1,0.0,2025-10-10,2025-10-14,Delivered,Credit Card
5311,CUST-132,Customer_32,Noida,Consumer,PROD-212,Air Fryer 4L Digital,Home & Kitchen,3200.0,6499.0,1,0.2,2025-06-19,2025-06-24,Delivered,UPI
5312,CUST-114,Customer_14,Chennai,Corporate,PROD-215,Whey Protein 1kg,Fitness,1800.0,3499.0,1,0.1,2025-05-19,2025-05-20,Returned,COD
5313,CUST-143,Customer_43,Faridabad,Home Office,PROD-202,Smartwatch Pro,Electronics,2200.0,4999.0,2,0.2,2025-06-11,2025-06-12,Cancelled,Credit Card
5314,CUST-126,Customer_26,Noida,Home Office,PROD-203,"Gaming Laptop 15""",Electronics,45000.0,75000.0,2,0.2,2025-03-25,2025-03-30,Cancelled,Net Banking
5315,CUST-135,Customer_35,Mumbai,Consumer,PROD-209,Sunscreen Gel SPF50,Beauty,250.0,599.0,1,0.2,2025-03-13,2025-03-20,Delivered,Debit Card
5316,CUST-107,Customer_7,Delhi,Consumer,PROD-210,Ergonomic Chair,Home & Kitchen,3500.0,7999.0,4,0.1,2025-02-08,2025-02-11,Cancelled,UPI
5317,CUST-118,Customer_18,Ghaziabad,Corporate,PROD-211,Non-Stick Cookware Set,Home & Kitchen,1500.0,3299.0,4,0.15,2025-04-27,2025-04-30,Cancelled,Credit Card
5318,CUST-138,Customer_38,Faridabad,Home Office,PROD-210,Ergonomic Chair,Home & Kitchen,3500.0,7999.0,2,0.0,2025-11-13,2025-11-16,Delivered,UPI
5319,CUST-110,Customer_10,Chennai,Consumer,PROD-212,Air Fryer 4L Digital,Home & Kitchen,3200.0,6499.0,4,0.1,2025-11-21,2025-11-23,Delivered,Debit Card
5320,CUST-106,Customer_6,Chennai,Corporate,PROD-203,"Gaming Laptop 15""",Electronics,45000.0,75000.0,3,0.0,2025-08-16,2025-08-19,Delivered,Credit Card
5321,CUST-112,Customer_12,Pune,Corporate,PROD-211,Non-Stick Cookware Set,Home & Kitchen,1500.0,3299.0,4,0.0,2025-10-13,2025-10-18,Delivered,UPI
5322,CUST-123,Customer_23,Delhi,Home Office,PROD-214,Yoga Mat Extra Thick,Fitness,400.0,999.0,3,0.15,2025-11-02,2025-11-07,Delivered,UPI
5323,CUST-127,Customer_27,Faridabad,Home Office,PROD-210,Ergonomic Chair,Home & Kitchen,3500.0,7999.0,2,0.15,2025-10-14,2025-10-16,Delivered,Credit Card
5324,CUST-118,Customer_18,Ghaziabad,Corporate,PROD-209,Sunscreen Gel SPF50,Beauty,250.0,599.0,1,0.05,2025-09-10,2025-09-12,Delivered,Net Banking
5325,CUST-127,Customer_27,Faridabad,Home Office,PROD-209,Sunscreen Gel SPF50,Beauty,250.0,599.0,3,0.05,2025-02-09,2025-02-12,Returned,Net Banking
5326,CUST-140,Customer_40,Gurgaon,Home Office,PROD-216,Denim Jeans Regular,Fashion,800.0,1999.0,3,0.0,2025-02-24,2025-02-26,Delivered,Net Banking
5327,CUST-140,Customer_40,Gurgaon,Home Office,PROD-211,Non-Stick Cookware Set,Home & Kitchen,1500.0,3299.0,4,0.2,2025-08-14,2025-08-17,Delivered,Credit Card
5328,CUST-121,Customer_21,Mumbai,Corporate,PROD-218,Adjustable Dumbbells Pair,Fitness,2500.0,5499.0,3,0.05,2025-04-13,2025-04-17,Delivered,Net Banking
5329,CUST-119,Customer_19,Noida,Consumer,PROD-212,Air Fryer 4L Digital,Home & Kitchen,3200.0,6499.0,4,0.1,2025-05-05,2025-05-08,Delivered,Net Banking
5330,CUST-108,Customer_8,Noida,Consumer,PROD-214,Yoga Mat Extra Thick,Fitness,400.0,999.0,2,0.2,2025-10-31,2025-11-05,Cancelled,UPI
5331,CUST-130,Customer_30,Noida,Consumer,PROD-216,Denim Jeans Regular,Fashion,800.0,1999.0,1,0.15,2025-05-30,2025-06-06,Delivered,Net Banking
5332,CUST-141,Customer_41,Ghaziabad,Consumer,PROD-208,Face Serum 30ml,Beauty,300.0,899.0,2,0.15,2025-05-10,2025-05-16,Delivered,Net Banking
5333,CUST-129,Customer_29,Chennai,Consumer,PROD-215,Whey Protein 1kg,Fitness,1800.0,3499.0,4,0.2,2025-10-26,2025-10-30,Delivered,UPI
5334,CUST-145,Customer_45,Mumbai,Consumer,PROD-218,Adjustable Dumbbells Pair,Fitness,2500.0,5499.0,1,0.05,2025-11-23,2025-11-24,Delivered,Debit Card
5335,CUST-142,Customer_42,Hyderabad,Corporate,PROD-214,Yoga Mat Extra Thick,Fitness,400.0,999.0,4,0.1,2025-10-16,2025-10-22,Delivered,Net Banking
5336,CUST-101,Customer_1,Noida,Consumer,PROD-203,"Gaming Laptop 15""",Electronics,45000.0,75000.0,2,0.15,2025-04-24,2025-04-29,Delivered,Debit Card
5337,CUST-130,Customer_30,Noida,Consumer,PROD-218,Adjustable Dumbbells Pair,Fitness,2500.0,5499.0,3,0.0,2025-09-14,2025-09-16,Delivered,Net Banking
5338,CUST-119,Customer_19,Noida,Consumer,PROD-210,Ergonomic Chair,Home & Kitchen,3500.0,7999.0,2,0.1,2025-03-01,2025-03-08,Delivered,Debit Card
5339,CUST-130,Customer_30,Noida,Consumer,PROD-216,Denim Jeans Regular,Fashion,800.0,1999.0,1,0.15,2025-06-28,2025-07-02,Delivered,Net Banking
5340,CUST-105,Customer_5,Pune,Consumer,PROD-208,Face Serum 30ml,Beauty,300.0,899.0,3,0.0,2025-02-28,2025-03-01,Cancelled,Credit Card
5341,CUST-116,Customer_16,Bangalore,Corporate,PROD-214,Yoga Mat Extra Thick,Fitness,400.0,999.0,3,0.2,2025-10-10,2025-10-12,Delivered,Net Banking
5342,CUST-115,Customer_15,Delhi,Consumer,PROD-212,Air Fryer 4L Digital,Home & Kitchen,3200.0,6499.0,4,0.15,2025-04-05,2025-04-07,Cancelled,UPI
5343,CUST-140,Customer_40,Gurgaon,Home Office,PROD-216,Denim Jeans Regular,Fashion,800.0,1999.0,4,0.0,2025-10-31,2025-11-04,Delivered,Credit Card
5344,CUST-118,Customer_18,Ghaziabad,Corporate,PROD-213,Mechanical Keyboard,Electronics,1500.0,3499.0,2,0.1,2025-02-22,2025-03-01,Delivered,Debit Card
5345,CUST-130,Customer_30,Noida,Consumer,PROD-203,"Gaming Laptop 15""",Electronics,45000.0,75000.0,4,0.2,2025-12-10,2025-12-17,Returned,Debit Card
5346,CUST-125,Customer_25,Noida,Corporate,PROD-215,Whey Protein 1kg,Fitness,1800.0,3499.0,3,0.1,2025-10-28,2025-10-29,Returned,Net Banking
5347,CUST-112,Customer_12,Pune,Corporate,PROD-217,Hair Care Oil 200ml,Beauty,180.0,450.0,2,0.1,2025-10-30,2025-10-31,Delivered,UPI
5348,CUST-120,Customer_20,Bangalore,Consumer,PROD-202,Smartwatch Pro,Electronics,2200.0,4999.0,2,0.2,2025-07-11,2025-07-17,Delivered,Net Banking
5349,CUST-139,Customer_39,Noida,Home Office,PROD-216,Denim Jeans Regular,Fashion,800.0,1999.0,4,0.2,2025-08-05,2025-08-07,Returned,Credit Card
5350,CUST-111,Customer_11,Pune,Consumer,PROD-211,Non-Stick Cookware Set,Home & Kitchen,1500.0,3299.0,3,0.15,2025-03-13,2025-03-15,Delivered,COD
5351,CUST-123,Customer_23,Delhi,Home Office,PROD-204,Bluetooth Speaker,Electronics,800.0,1899.0,4,0.2,2025-03-11,2025-03-13,Cancelled,COD
5352,CUST-132,Customer_32,Noida,Consumer,PROD-212,Air Fryer 4L Digital,Home & Kitchen,3200.0,6499.0,4,0.15,2025-09-09,2025-09-13,Delivered,Credit Card
5353,CUST-137,Customer_37,Ghaziabad,Home Office,PROD-202,Smartwatch Pro,Electronics,2200.0,4999.0,3,0.05,2025-05-30,2025-05-31,Delivered,COD
5354,CUST-111,Customer_11,Pune,Consumer,PROD-212,Air Fryer 4L Digital,Home & Kitchen,3200.0,6499.0,1,0.2,2025-09-11,2025-09-16,Delivered,UPI
5355,CUST-150,Customer_50,Mumbai,Consumer,PROD-215,Whey Protein 1kg,Fitness,1800.0,3499.0,1,0.15,2025-10-05,2025-10-12,Delivered,COD
5356,CUST-128,Customer_28,Chennai,Corporate,PROD-202,Smartwatch Pro,Electronics,2200.0,4999.0,1,0.15,2025-06-02,2025-06-09,Delivered,Debit Card
5357,CUST-106,Customer_6,Chennai,Corporate,PROD-210,Ergonomic Chair,Home & Kitchen,3500.0,7999.0,3,0.2,2025-05-02,2025-05-04,Delivered,Net Banking
5358,CUST-140,Customer_40,Gurgaon,Home Office,PROD-206,Running Shoes,Fashion,1100.0,2799.0,1,0.2,2025-04-16,2025-04-23,Returned,Debit Card
5359,CUST-118,Customer_18,Ghaziabad,Corporate,PROD-218,Adjustable Dumbbells Pair,Fitness,2500.0,5499.0,3,0.1,2025-03-28,2025-03-31,Delivered,COD
5360,CUST-133,Customer_33,Noida,Corporate,PROD-202,Smartwatch Pro,Electronics,2200.0,4999.0,3,0.05,2025-07-30,2025-07-31,Delivered,Credit Card
5361,CUST-110,Customer_10,Chennai,Consumer,PROD-208,Face Serum 30ml,Beauty,300.0,899.0,4,0.05,2025-12-13,2025-12-17,Cancelled,COD
5362,CUST-118,Customer_18,Ghaziabad,Corporate,PROD-211,Non-Stick Cookware Set,Home & Kitchen,1500.0,3299.0,1,0.15,2025-08-20,2025-08-21,Cancelled,COD
5363,CUST-118,Customer_18,Ghaziabad,Corporate,PROD-209,Sunscreen Gel SPF50,Beauty,250.0,599.0,1,0.0,2025-09-07,2025-09-10,Cancelled,Net Banking
5364,CUST-143,Customer_43,Faridabad,Home Office,PROD-208,Face Serum 30ml,Beauty,300.0,899.0,2,0.15,2025-10-01,2025-10-05,Delivered,Credit Card
5365,CUST-118,Customer_18,Ghaziabad,Corporate,PROD-209,Sunscreen Gel SPF50,Beauty,250.0,599.0,2,0.2,2025-06-22,2025-06-27,Delivered,Net Banking
5366,CUST-144,Customer_44,Pune,Consumer,PROD-201,Wireless Headphones,Electronics,1200.0,2500.0,4,0.0,2025-02-20,2025-02-26,Delivered,UPI
5367,CUST-129,Customer_29,Chennai,Consumer,PROD-210,Ergonomic Chair,Home & Kitchen,3500.0,7999.0,2,0.1,2025-08-08,2025-08-10,Delivered,Credit Card
5368,CUST-106,Customer_6,Chennai,Corporate,PROD-209,Sunscreen Gel SPF50,Beauty,250.0,599.0,2,0.0,2025-02-12,2025-02-15,Cancelled,Net Banking
5369,CUST-120,Customer_20,Bangalore,Consumer,PROD-216,Denim Jeans Regular,Fashion,800.0,1999.0,1,0.0,2025-12-02,2025-12-03,Delivered,Credit Card
5370,CUST-105,Customer_5,Pune,Consumer,PROD-206,Running Shoes,Fashion,1100.0,2799.0,4,0.0,2025-09-23,2025-09-29,Cancelled,UPI
5371,CUST-122,Customer_22,Chennai,Corporate,PROD-204,Bluetooth Speaker,Electronics,800.0,1899.0,4,0.0,2025-12-22,2025-12-24,Delivered,Credit Card
5372,CUST-106,Customer_6,Chennai,Corporate,PROD-201,Wireless Headphones,Electronics,1200.0,2500.0,3,0.05,2025-06-10,2025-06-13,Delivered,Net Banking
5373,CUST-142,Customer_42,Hyderabad,Corporate,PROD-205,Cotton Casual Shirt,Fashion,450.0,1199.0,1,0.2,2025-09-29,2025-10-04,Delivered,Credit Card
5374,CUST-123,Customer_23,Delhi,Home Office,PROD-206,Running Shoes,Fashion,1100.0,2799.0,4,0.05,2025-07-30,2025-08-04,Delivered,UPI
5375,CUST-109,Customer_9,Ghaziabad,Home Office,PROD-213,Mechanical Keyboard,Electronics,1500.0,3499.0,4,0.1,2025-07-16,2025-07-19,Delivered,Credit Card
5376,CUST-118,Customer_18,Ghaziabad,Corporate,PROD-202,Smartwatch Pro,Electronics,2200.0,4999.0,3,0.0,2025-10-11,2025-10-16,Delivered,Debit Card
5377,CUST-134,Customer_34,Faridabad,Corporate,PROD-218,Adjustable Dumbbells Pair,Fitness,2500.0,5499.0,4,0.1,2025-04-07,2025-04-13,Delivered,UPI
5378,CUST-132,Customer_32,Noida,Consumer,PROD-210,Ergonomic Chair,Home & Kitchen,3500.0,7999.0,1,0.2,2025-05-04,2025-05-08,Delivered,UPI
5379,CUST-121,Customer_21,Mumbai,Corporate,PROD-216,Denim Jeans Regular,Fashion,800.0,1999.0,3,0.2,2025-10-19,2025-10-23,Delivered,Credit Card
5380,CUST-150,Customer_50,Mumbai,Consumer,PROD-201,Wireless Headphones,Electronics,1200.0,2500.0,1,0.1,2025-10-28,2025-10-29,Delivered,Credit Card
5381,CUST-104,Customer_4,Noida,Home Office,PROD-212,Air Fryer 4L Digital,Home & Kitchen,3200.0,6499.0,4,0.15,2025-05-27,2025-06-02,Delivered,Net Banking
5382,CUST-141,Customer_41,Ghaziabad,Consumer,PROD-218,Adjustable Dumbbells Pair,Fitness,2500.0,5499.0,3,0.0,2025-11-12,2025-11-14,Delivered,Debit Card
5383,CUST-133,Customer_33,Noida,Corporate,PROD-206,Running Shoes,Fashion,1100.0,2799.0,4,0.2,2025-10-02,2025-10-05,Delivered,UPI
5384,CUST-145,Customer_45,Mumbai,Consumer,PROD-212,Air Fryer 4L Digital,Home & Kitchen,3200.0,6499.0,2,0.0,2025-05-03,2025-05-04,Delivered,Net Banking
5385,CUST-130,Customer_30,Noida,Consumer,PROD-218,Adjustable Dumbbells Pair,Fitness,2500.0,5499.0,2,0.0,2025-01-29,2025-02-01,Cancelled,UPI
5386,CUST-109,Customer_9,Ghaziabad,Home Office,PROD-202,Smartwatch Pro,Electronics,2200.0,4999.0,3,0.05,2025-09-12,2025-09-15,Delivered,Debit Card
5387,CUST-148,Customer_48,Faridabad,Consumer,PROD-217,Hair Care Oil 200ml,Beauty,180.0,450.0,1,0.1,2025-03-02,2025-03-09,Delivered,Net Banking
5388,CUST-134,Customer_34,Faridabad,Corporate,PROD-203,"Gaming Laptop 15""",Electronics,45000.0,75000.0,1,0.15,2025-10-23,2025-10-29,Returned,Net Banking
5389,CUST-124,Customer_24,Hyderabad,Home Office,PROD-204,Bluetooth Speaker,Electronics,800.0,1899.0,3,0.05,2025-10-18,2025-10-20,Delivered,Debit Card
5390,CUST-137,Customer_37,Ghaziabad,Home Office,PROD-202,Smartwatch Pro,Electronics,2200.0,4999.0,1,0.0,2025-09-18,2025-09-19,Delivered,Credit Card
5391,CUST-131,Customer_31,Ghaziabad,Corporate,PROD-209,Sunscreen Gel SPF50,Beauty,250.0,599.0,1,0.2,2025-03-18,2025-03-20,Delivered,Net Banking
5392,CUST-121,Customer_21,Mumbai,Corporate,PROD-216,Denim Jeans Regular,Fashion,800.0,1999.0,1,0.2,2025-06-13,2025-06-16,Delivered,Debit Card
5393,CUST-133,Customer_33,Noida,Corporate,PROD-202,Smartwatch Pro,Electronics,2200.0,4999.0,1,0.15,2025-04-25,2025-05-02,Delivered,UPI
5394,CUST-119,Customer_19,Noida,Consumer,PROD-209,Sunscreen Gel SPF50,Beauty,250.0,599.0,4,0.0,2025-02-14,2025-02-19,Delivered,Debit Card
5395,CUST-119,Customer_19,Noida,Consumer,PROD-215,Whey Protein 1kg,Fitness,1800.0,3499.0,4,0.1,2025-11-15,2025-11-17,Delivered,COD
5396,CUST-150,Customer_50,Mumbai,Consumer,PROD-206,Running Shoes,Fashion,1100.0,2799.0,4,0.0,2025-03-19,2025-03-20,Returned,Credit Card
5397,CUST-123,Customer_23,Delhi,Home Office,PROD-203,"Gaming Laptop 15""",Electronics,45000.0,75000.0,4,0.1,2025-01-01,2025-01-08,Delivered,UPI
5398,CUST-134,Customer_34,Faridabad,Corporate,PROD-216,Denim Jeans Regular,Fashion,800.0,1999.0,2,0.1,2025-09-09,2025-09-10,Delivered,UPI
5399,CUST-115,Customer_15,Delhi,Consumer,PROD-215,Whey Protein 1kg,Fitness,1800.0,3499.0,4,0.0,2025-12-25,2025-12-28,Delivered,COD
5400,CUST-133,Customer_33,Noida,Corporate,PROD-216,Denim Jeans Regular,Fashion,800.0,1999.0,1,0.15,2025-02-08,2025-02-13,Delivered,Credit Card
5401,CUST-119,Customer_19,Noida,Consumer,PROD-209,Sunscreen Gel SPF50,Beauty,250.0,599.0,3,0.1,2025-07-21,2025-07-27,Delivered,Net Banking
5402,CUST-115,Customer_15,Delhi,Consumer,PROD-202,Smartwatch Pro,Electronics,2200.0,4999.0,1,0.05,2025-03-11,2025-03-18,Delivered,UPI
5403,CUST-129,Customer_29,Chennai,Consumer,PROD-211,Non-Stick Cookware Set,Home & Kitchen,1500.0,3299.0,3,0.05,2025-07-28,2025-07-29,Delivered,Net Banking
5404,CUST-130,Customer_30,Noida,Consumer,PROD-208,Face Serum 30ml,Beauty,300.0,899.0,3,0.2,2025-02-16,2025-02-18,Delivered,UPI
5405,CUST-121,Customer_21,Mumbai,Corporate,PROD-205,Cotton Casual Shirt,Fashion,450.0,1199.0,4,0.2,2025-05-08,2025-05-11,Cancelled,UPI
5406,CUST-120,Customer_20,Bangalore,Consumer,PROD-208,Face Serum 30ml,Beauty,300.0,899.0,4,0.2,2025-01-16,2025-01-20,Delivered,COD
5407,CUST-107,Customer_7,Delhi,Consumer,PROD-210,Ergonomic Chair,Home & Kitchen,3500.0,7999.0,1,0.0,2025-03-13,2025-03-14,Delivered,Credit Card
5408,CUST-113,Customer_13,Ghaziabad,Corporate,PROD-211,Non-Stick Cookware Set,Home & Kitchen,1500.0,3299.0,1,0.2,2025-12-18,2025-12-24,Delivered,COD
5409,CUST-105,Customer_5,Pune,Consumer,PROD-201,Wireless Headphones,Electronics,1200.0,2500.0,4,0.05,2025-04-12,2025-04-18,Delivered,UPI
5410,CUST-108,Customer_8,Noida,Consumer,PROD-204,Bluetooth Speaker,Electronics,800.0,1899.0,4,0.15,2025-01-26,2025-01-28,Delivered,Net Banking
5411,CUST-125,Customer_25,Noida,Corporate,PROD-210,Ergonomic Chair,Home & Kitchen,3500.0,7999.0,2,0.1,2025-07-01,2025-07-03,Delivered,Debit Card
5412,CUST-110,Customer_10,Chennai,Consumer,PROD-213,Mechanical Keyboard,Electronics,1500.0,3499.0,2,0.1,2025-11-14,2025-11-19,Delivered,Net Banking
5413,CUST-136,Customer_36,Mumbai,Corporate,PROD-210,Ergonomic Chair,Home & Kitchen,3500.0,7999.0,4,0.05,2025-02-14,2025-02-17,Delivered,Net Banking
5414,CUST-142,Customer_42,Hyderabad,Corporate,PROD-214,Yoga Mat Extra Thick,Fitness,400.0,999.0,1,0.15,2025-11-19,2025-11-26,Delivered,Debit Card
5415,CUST-135,Customer_35,Mumbai,Consumer,PROD-211,Non-Stick Cookware Set,Home & Kitchen,1500.0,3299.0,3,0.15,2025-10-17,2025-10-22,Delivered,Debit Card
5416,CUST-102,Customer_2,Faridabad,Consumer,PROD-217,Hair Care Oil 200ml,Beauty,180.0,450.0,3,0.0,2025-04-23,2025-04-24,Returned,Net Banking
5417,CUST-123,Customer_23,Delhi,Home Office,PROD-214,Yoga Mat Extra Thick,Fitness,400.0,999.0,2,0.05,2025-03-23,2025-03-24,Returned,Debit Card
5418,CUST-148,Customer_48,Faridabad,Consumer,PROD-202,Smartwatch Pro,Electronics,2200.0,4999.0,4,0.1,2025-10-22,2025-10-29,Delivered,Credit Card
5419,CUST-116,Customer_16,Bangalore,Corporate,PROD-215,Whey Protein 1kg,Fitness,1800.0,3499.0,1,0.1,2025-12-24,2025-12-27,Returned,COD
5420,CUST-110,Customer_10,Chennai,Consumer,PROD-214,Yoga Mat Extra Thick,Fitness,400.0,999.0,3,0.05,2025-09-10,2025-09-15,Delivered,Net Banking
5421,CUST-106,Customer_6,Chennai,Corporate,PROD-202,Smartwatch Pro,Electronics,2200.0,4999.0,1,0.2,2025-11-05,2025-11-07,Delivered,Net Banking
5422,CUST-122,Customer_22,Chennai,Corporate,PROD-214,Yoga Mat Extra Thick,Fitness,400.0,999.0,2,0.1,2025-03-08,2025-03-11,Delivered,UPI
5423,CUST-110,Customer_10,Chennai,Consumer,PROD-218,Adjustable Dumbbells Pair,Fitness,2500.0,5499.0,1,0.2,2025-03-14,2025-03-21,Delivered,Debit Card
5424,CUST-124,Customer_24,Hyderabad,Home Office,PROD-212,Air Fryer 4L Digital,Home & Kitchen,3200.0,6499.0,3,0.1,2025-02-21,2025-02-24,Delivered,Credit Card
5425,CUST-147,Customer_47,Mumbai,Corporate,PROD-212,Air Fryer 4L Digital,Home & Kitchen,3200.0,6499.0,3,0.05,2025-09-07,2025-09-13,Cancelled,COD
5426,CUST-140,Customer_40,Gurgaon,Home Office,PROD-208,Face Serum 30ml,Beauty,300.0,899.0,2,0.15,2025-12-07,2025-12-12,Cancelled,Debit Card
5427,CUST-145,Customer_45,Mumbai,Consumer,PROD-208,Face Serum 30ml,Beauty,300.0,899.0,1,0.2,2025-04-01,2025-04-07,Returned,Net Banking
5428,CUST-103,Customer_3,Ghaziabad,Consumer,PROD-207,Designer Handbag,Fashion,2500.0,5999.0,1,0.15,2025-11-10,2025-11-12,Delivered,Credit Card
5429,CUST-148,Customer_48,Faridabad,Consumer,PROD-202,Smartwatch Pro,Electronics,2200.0,4999.0,2,0.0,2025-06-27,2025-06-30,Delivered,Debit Card
5430,CUST-101,Customer_1,Noida,Consumer,PROD-208,Face Serum 30ml,Beauty,300.0,899.0,1,0.1,2025-05-08,2025-05-14,Delivered,Debit Card
5431,CUST-147,Customer_47,Mumbai,Corporate,PROD-201,Wireless Headphones,Electronics,1200.0,2500.0,4,0.05,2025-07-17,2025-07-21,Delivered,Net Banking
5432,CUST-125,Customer_25,Noida,Corporate,PROD-217,Hair Care Oil 200ml,Beauty,180.0,450.0,4,0.2,2025-07-12,2025-07-13,Delivered,Credit Card
5433,CUST-129,Customer_29,Chennai,Consumer,PROD-201,Wireless Headphones,Electronics,1200.0,2500.0,3,0.1,2025-05-31,2025-06-01,Delivered,UPI
5434,CUST-122,Customer_22,Chennai,Corporate,PROD-216,Denim Jeans Regular,Fashion,800.0,1999.0,1,0.2,2025-03-24,2025-03-30,Delivered,UPI
5435,CUST-139,Customer_39,Noida,Home Office,PROD-215,Whey Protein 1kg,Fitness,1800.0,3499.0,4,0.05,2025-12-27,2025-12-28,Delivered,COD
5436,CUST-111,Customer_11,Pune,Consumer,PROD-201,Wireless Headphones,Electronics,1200.0,2500.0,2,0.15,2025-06-19,2025-06-21,Cancelled,COD
5437,CUST-147,Customer_47,Mumbai,Corporate,PROD-215,Whey Protein 1kg,Fitness,1800.0,3499.0,3,0.05,2025-12-05,2025-12-08,Delivered,UPI
5438,CUST-126,Customer_26,Noida,Home Office,PROD-218,Adjustable Dumbbells Pair,Fitness,2500.0,5499.0,1,0.1,2025-09-09,2025-09-11,Delivered,UPI
5439,CUST-106,Customer_6,Chennai,Corporate,PROD-217,Hair Care Oil 200ml,Beauty,180.0,450.0,4,0.05,2025-11-17,2025-11-22,Delivered,UPI
5440,CUST-114,Customer_14,Chennai,Corporate,PROD-207,Designer Handbag,Fashion,2500.0,5999.0,1,0.1,2025-02-11,2025-02-15,Delivered,Net Banking
5441,CUST-132,Customer_32,Noida,Consumer,PROD-208,Face Serum 30ml,Beauty,300.0,899.0,4,0.05,2025-11-25,2025-11-30,Delivered,Debit Card
5442,CUST-124,Customer_24,Hyderabad,Home Office,PROD-216,Denim Jeans Regular,Fashion,800.0,1999.0,4,0.15,2025-01-23,2025-01-26,Delivered,Debit Card
5443,CUST-118,Customer_18,Ghaziabad,Corporate,PROD-214,Yoga Mat Extra Thick,Fitness,400.0,999.0,1,0.0,2025-03-19,2025-03-26,Returned,Debit Card
5444,CUST-127,Customer_27,Faridabad,Home Office,PROD-214,Yoga Mat Extra Thick,Fitness,400.0,999.0,4,0.2,2025-10-11,2025-10-12,Returned,Net Banking
5445,CUST-144,Customer_44,Pune,Consumer,PROD-212,Air Fryer 4L Digital,Home & Kitchen,3200.0,6499.0,3,0.0,2025-05-01,2025-05-05,Cancelled,Net Banking
5446,CUST-103,Customer_3,Ghaziabad,Consumer,PROD-218,Adjustable Dumbbells Pair,Fitness,2500.0,5499.0,2,0.0,2025-09-22,2025-09-29,Delivered,Net Banking
5447,CUST-111,Customer_11,Pune,Consumer,PROD-206,Running Shoes,Fashion,1100.0,2799.0,4,0.0,2025-03-06,2025-03-07,Delivered,Net Banking
5448,CUST-141,Customer_41,Ghaziabad,Consumer,PROD-207,Designer Handbag,Fashion,2500.0,5999.0,1,0.0,2025-06-13,2025-06-19,Returned,Net Banking
5449,CUST-126,Customer_26,Noida,Home Office,PROD-215,Whey Protein 1kg,Fitness,1800.0,3499.0,4,0.0,2025-05-22,2025-05-27,Returned,COD
5450,CUST-134,Customer_34,Faridabad,Corporate,PROD-210,Ergonomic Chair,Home & Kitchen,3500.0,7999.0,2,0.2,2025-08-01,2025-08-03,Returned,COD
5451,CUST-149,Customer_49,Ghaziabad,Home Office,PROD-201,Wireless Headphones,Electronics,1200.0,2500.0,1,0.1,2025-10-16,2025-10-23,Delivered,COD
5452,CUST-127,Customer_27,Faridabad,Home Office,PROD-209,Sunscreen Gel SPF50,Beauty,250.0,599.0,4,0.0,2025-12-02,2025-12-06,Delivered,Credit Card
5453,CUST-126,Customer_26,Noida,Home Office,PROD-216,Denim Jeans Regular,Fashion,800.0,1999.0,3,0.05,2025-01-20,2025-01-24,Cancelled,UPI
5454,CUST-131,Customer_31,Ghaziabad,Corporate,PROD-209,Sunscreen Gel SPF50,Beauty,250.0,599.0,3,0.1,2025-01-11,2025-01-14,Delivered,Debit Card
5455,CUST-145,Customer_45,Mumbai,Consumer,PROD-202,Smartwatch Pro,Electronics,2200.0,4999.0,4,0.1,2025-03-10,2025-03-13,Cancelled,Debit Card
5456,CUST-127,Customer_27,Faridabad,Home Office,PROD-218,Adjustable Dumbbells Pair,Fitness,2500.0,5499.0,4,0.05,2025-02-15,2025-02-17,Cancelled,Net Banking
5457,CUST-132,Customer_32,Noida,Consumer,PROD-215,Whey Protein 1kg,Fitness,1800.0,3499.0,2,0.0,2025-01-29,2025-02-03,Cancelled,Debit Card
5458,CUST-133,Customer_33,Noida,Corporate,PROD-210,Ergonomic Chair,Home & Kitchen,3500.0,7999.0,1,0.05,2025-09-26,2025-10-01,Delivered,Credit Card
5459,CUST-104,Customer_4,Noida,Home Office,PROD-205,Cotton Casual Shirt,Fashion,450.0,1199.0,3,0.05,2025-08-22,2025-08-23,Delivered,Debit Card
5460,CUST-130,Customer_30,Noida,Consumer,PROD-215,Whey Protein 1kg,Fitness,1800.0,3499.0,1,0.05,2025-11-22,2025-11-23,Delivered,Debit Card
5461,CUST-139,Customer_39,Noida,Home Office,PROD-210,Ergonomic Chair,Home & Kitchen,3500.0,7999.0,3,0.1,2025-08-31,2025-09-05,Delivered,Credit Card
5462,CUST-148,Customer_48,Faridabad,Consumer,PROD-203,"Gaming Laptop 15""",Electronics,45000.0,75000.0,1,0.05,2025-01-15,2025-01-19,Delivered,COD
5463,CUST-115,Customer_15,Delhi,Consumer,PROD-206,Running Shoes,Fashion,1100.0,2799.0,4,0.2,2025-05-18,2025-05-24,Cancelled,UPI
5464,CUST-101,Customer_1,Noida,Consumer,PROD-210,Ergonomic Chair,Home & Kitchen,3500.0,7999.0,1,0.05,2025-11-28,2025-11-30,Returned,Debit Card
5465,CUST-120,Customer_20,Bangalore,Consumer,PROD-209,Sunscreen Gel SPF50,Beauty,250.0,599.0,3,0.15,2025-07-12,2025-07-19,Delivered,Debit Card
5466,CUST-130,Customer_30,Noida,Consumer,PROD-217,Hair Care Oil 200ml,Beauty,180.0,450.0,4,0.2,2025-09-24,2025-10-01,Delivered,UPI
5467,CUST-133,Customer_33,Noida,Corporate,PROD-217,Hair Care Oil 200ml,Beauty,180.0,450.0,3,0.1,2025-11-28,2025-12-03,Delivered,UPI
5468,CUST-105,Customer_5,Pune,Consumer,PROD-209,Sunscreen Gel SPF50,Beauty,250.0,599.0,3,0.1,2025-11-24,2025-11-27,Delivered,Debit Card
5469,CUST-110,Customer_10,Chennai,Consumer,PROD-214,Yoga Mat Extra Thick,Fitness,400.0,999.0,4,0.1,2025-01-30,2025-02-06,Cancelled,Credit Card
5470,CUST-102,Customer_2,Faridabad,Consumer,PROD-211,Non-Stick Cookware Set,Home & Kitchen,1500.0,3299.0,4,0.15,2025-05-13,2025-05-17,Returned,UPI
5471,CUST-146,Customer_46,Ghaziabad,Consumer,PROD-214,Yoga Mat Extra Thick,Fitness,400.0,999.0,2,0.2,2025-06-25,2025-07-01,Cancelled,Net Banking
5472,CUST-123,Customer_23,Delhi,Home Office,PROD-215,Whey Protein 1kg,Fitness,1800.0,3499.0,2,0.1,2025-03-29,2025-04-05,Delivered,UPI
5473,CUST-109,Customer_9,Ghaziabad,Home Office,PROD-217,Hair Care Oil 200ml,Beauty,180.0,450.0,2,0.1,2025-10-14,2025-10-21,Delivered,UPI
5474,CUST-123,Customer_23,Delhi,Home Office,PROD-207,Designer Handbag,Fashion,2500.0,5999.0,3,0.1,2025-08-04,2025-08-11,Returned,Debit Card
5475,CUST-119,Customer_19,Noida,Consumer,PROD-210,Ergonomic Chair,Home & Kitchen,3500.0,7999.0,1,0.15,2025-08-29,2025-08-30,Returned,Credit Card
5476,CUST-108,Customer_8,Noida,Consumer,PROD-212,Air Fryer 4L Digital,Home & Kitchen,3200.0,6499.0,1,0.05,2025-06-02,2025-06-06,Delivered,Credit Card
5477,CUST-122,Customer_22,Chennai,Corporate,PROD-212,Air Fryer 4L Digital,Home & Kitchen,3200.0,6499.0,3,0.05,2025-08-23,2025-08-25,Delivered,UPI
5478,CUST-122,Customer_22,Chennai,Corporate,PROD-207,Designer Handbag,Fashion,2500.0,5999.0,1,0.15,2025-11-21,2025-11-22,Delivered,Debit Card
5479,CUST-149,Customer_49,Ghaziabad,Home Office,PROD-206,Running Shoes,Fashion,1100.0,2799.0,1,0.05,2025-09-08,2025-09-15,Delivered,COD
5480,CUST-141,Customer_41,Ghaziabad,Consumer,PROD-211,Non-Stick Cookware Set,Home & Kitchen,1500.0,3299.0,4,0.0,2025-08-08,2025-08-12,Returned,UPI
5481,CUST-113,Customer_13,Ghaziabad,Corporate,PROD-208,Face Serum 30ml,Beauty,300.0,899.0,2,0.0,2025-06-14,2025-06-21,Cancelled,UPI
5482,CUST-147,Customer_47,Mumbai,Corporate,PROD-206,Running Shoes,Fashion,1100.0,2799.0,3,0.05,2025-12-22,2025-12-25,Delivered,UPI
5483,CUST-133,Customer_33,Noida,Corporate,PROD-215,Whey Protein 1kg,Fitness,1800.0,3499.0,1,0.1,2025-03-27,2025-03-28,Delivered,Debit Card
5484,CUST-147,Customer_47,Mumbai,Corporate,PROD-218,Adjustable Dumbbells Pair,Fitness,2500.0,5499.0,4,0.05,2025-09-26,2025-09-29,Delivered,Debit Card
5485,CUST-123,Customer_23,Delhi,Home Office,PROD-206,Running Shoes,Fashion,1100.0,2799.0,2,0.05,2025-07-26,2025-07-27,Delivered,Credit Card
5486,CUST-147,Customer_47,Mumbai,Corporate,PROD-213,Mechanical Keyboard,Electronics,1500.0,3499.0,1,0.1,2025-09-16,2025-09-18,Delivered,UPI
5487,CUST-141,Customer_41,Ghaziabad,Consumer,PROD-217,Hair Care Oil 200ml,Beauty,180.0,450.0,1,0.0,2025-11-16,2025-11-17,Delivered,UPI
5488,CUST-145,Customer_45,Mumbai,Consumer,PROD-204,Bluetooth Speaker,Electronics,800.0,1899.0,1,0.2,2025-08-16,2025-08-20,Delivered,Debit Card
5489,CUST-145,Customer_45,Mumbai,Consumer,PROD-206,Running Shoes,Fashion,1100.0,2799.0,1,0.1,2025-12-22,2025-12-28,Cancelled,Net Banking
5490,CUST-107,Customer_7,Delhi,Consumer,PROD-215,Whey Protein 1kg,Fitness,1800.0,3499.0,2,0.15,2025-11-15,2025-11-20,Returned,UPI
5491,CUST-147,Customer_47,Mumbai,Corporate,PROD-214,Yoga Mat Extra Thick,Fitness,400.0,999.0,1,0.15,2025-05-25,2025-05-26,Returned,Credit Card
5492,CUST-113,Customer_13,Ghaziabad,Corporate,PROD-217,Hair Care Oil 200ml,Beauty,180.0,450.0,4,0.1,2025-04-14,2025-04-17,Delivered,Credit Card
5493,CUST-136,Customer_36,Mumbai,Corporate,PROD-210,Ergonomic Chair,Home & Kitchen,3500.0,7999.0,3,0.05,2025-12-19,2025-12-23,Delivered,UPI
5494,CUST-143,Customer_43,Faridabad,Home Office,PROD-201,Wireless Headphones,Electronics,1200.0,2500.0,4,0.05,2025-10-21,2025-10-27,Returned,UPI
5495,CUST-105,Customer_5,Pune,Consumer,PROD-203,"Gaming Laptop 15""",Electronics,45000.0,75000.0,4,0.1,2025-11-26,2025-11-28,Delivered,Debit Card
5496,CUST-104,Customer_4,Noida,Home Office,PROD-202,Smartwatch Pro,Electronics,2200.0,4999.0,3,0.1,2025-01-21,2025-01-28,Delivered,Debit Card
5497,CUST-148,Customer_48,Faridabad,Consumer,PROD-201,Wireless Headphones,Electronics,1200.0,2500.0,2,0.05,2025-01-24,2025-01-25,Delivered,Debit Card
5498,CUST-129,Customer_29,Chennai,Consumer,PROD-215,Whey Protein 1kg,Fitness,1800.0,3499.0,3,0.05,2025-02-17,2025-02-20,Delivered,UPI
5499,CUST-126,Customer_26,Noida,Home Office,PROD-211,Non-Stick Cookware Set,Home & Kitchen,1500.0,3299.0,4,0.15,2025-07-17,2025-07-23,Delivered,Credit Card
5500,CUST-109,Customer_9,Ghaziabad,Home Office,PROD-202,Smartwatch Pro,Electronics,2200.0,4999.0,4,0.2,2025-02-23,2025-02-27,Delivered,Net Banking
5501,CUST-140,Customer_40,Gurgaon,Home Office,PROD-211,Non-Stick Cookware Set,Home & Kitchen,1500.0,3299.0,2,0.15,2025-11-10,2025-11-11,Delivered,Net Banking
5502,CUST-127,Customer_27,Faridabad,Home Office,PROD-210,Ergonomic Chair,Home & Kitchen,3500.0,7999.0,3,0.0,2025-02-02,2025-02-05,Cancelled,COD
5503,CUST-137,Customer_37,Ghaziabad,Home Office,PROD-214,Yoga Mat Extra Thick,Fitness,400.0,999.0,3,0.2,2025-12-09,2025-12-16,Cancelled,COD
5504,CUST-145,Customer_45,Mumbai,Consumer,PROD-214,Yoga Mat Extra Thick,Fitness,400.0,999.0,2,0.15,2025-08-10,2025-08-16,Cancelled,Debit Card
5505,CUST-144,Customer_44,Pune,Consumer,PROD-210,Ergonomic Chair,Home & Kitchen,3500.0,7999.0,1,0.0,2025-10-13,2025-10-18,Returned,Credit Card
5506,CUST-131,Customer_31,Ghaziabad,Corporate,PROD-210,Ergonomic Chair,Home & Kitchen,3500.0,7999.0,4,0.1,2025-02-08,2025-02-15,Delivered,Credit Card
5507,CUST-118,Customer_18,Ghaziabad,Corporate,PROD-213,Mechanical Keyboard,Electronics,1500.0,3499.0,4,0.15,2025-04-25,2025-04-30,Delivered,Credit Card
5508,CUST-130,Customer_30,Noida,Consumer,PROD-212,Air Fryer 4L Digital,Home & Kitchen,3200.0,6499.0,4,0.15,2025-08-18,2025-08-19,Delivered,Debit Card
5509,CUST-132,Customer_32,Noida,Consumer,PROD-201,Wireless Headphones,Electronics,1200.0,2500.0,1,0.2,2025-07-26,2025-07-30,Delivered,COD
5510,CUST-106,Customer_6,Chennai,Corporate,PROD-218,Adjustable Dumbbells Pair,Fitness,2500.0,5499.0,2,0.15,2025-11-23,2025-11-26,Delivered,Debit Card
5511,CUST-104,Customer_4,Noida,Home Office,PROD-216,Denim Jeans Regular,Fashion,800.0,1999.0,4,0.1,2025-06-19,2025-06-24,Delivered,Net Banking
5512,CUST-107,Customer_7,Delhi,Consumer,PROD-205,Cotton Casual Shirt,Fashion,450.0,1199.0,3,0.2,2025-06-24,2025-06-27,Delivered,COD
5513,CUST-145,Customer_45,Mumbai,Consumer,PROD-201,Wireless Headphones,Electronics,1200.0,2500.0,2,0.15,2025-03-26,2025-03-30,Delivered,UPI
5514,CUST-140,Customer_40,Gurgaon,Home Office,PROD-206,Running Shoes,Fashion,1100.0,2799.0,4,0.05,2025-03-03,2025-03-10,Delivered,Net Banking
5515,CUST-146,Customer_46,Ghaziabad,Consumer,PROD-208,Face Serum 30ml,Beauty,300.0,899.0,1,0.15,2025-08-01,2025-08-02,Cancelled,Net Banking
5516,CUST-138,Customer_38,Faridabad,Home Office,PROD-214,Yoga Mat Extra Thick,Fitness,400.0,999.0,1,0.2,2025-09-13,2025-09-14,Returned,Net Banking
5517,CUST-131,Customer_31,Ghaziabad,Corporate,PROD-214,Yoga Mat Extra Thick,Fitness,400.0,999.0,2,0.05,2025-12-21,2025-12-26,Delivered,UPI
5518,CUST-143,Customer_43,Faridabad,Home Office,PROD-218,Adjustable Dumbbells Pair,Fitness,2500.0,5499.0,4,0.15,2025-06-14,2025-06-19,Cancelled,COD
5519,CUST-149,Customer_49,Ghaziabad,Home Office,PROD-207,Designer Handbag,Fashion,2500.0,5999.0,3,0.15,2025-07-23,2025-07-26,Delivered,Credit Card
5520,CUST-127,Customer_27,Faridabad,Home Office,PROD-218,Adjustable Dumbbells Pair,Fitness,2500.0,5499.0,3,0.2,2025-09-20,2025-09-23,Delivered,Credit Card
5521,CUST-114,Customer_14,Chennai,Corporate,PROD-218,Adjustable Dumbbells Pair,Fitness,2500.0,5499.0,3,0.05,2025-05-29,2025-06-04,Returned,Credit Card
5522,CUST-135,Customer_35,Mumbai,Consumer,PROD-217,Hair Care Oil 200ml,Beauty,180.0,450.0,3,0.2,2025-03-01,2025-03-08,Returned,Net Banking
5523,CUST-137,Customer_37,Ghaziabad,Home Office,PROD-212,Air Fryer 4L Digital,Home & Kitchen,3200.0,6499.0,4,0.0,2025-10-01,2025-10-04,Delivered,COD
5524,CUST-102,Customer_2,Faridabad,Consumer,PROD-210,Ergonomic Chair,Home & Kitchen,3500.0,7999.0,1,0.05,2025-01-28,2025-02-03,Delivered,Debit Card
5525,CUST-119,Customer_19,Noida,Consumer,PROD-208,Face Serum 30ml,Beauty,300.0,899.0,3,0.05,2025-02-01,2025-02-07,Delivered,COD
5526,CUST-123,Customer_23,Delhi,Home Office,PROD-210,Ergonomic Chair,Home & Kitchen,3500.0,7999.0,2,0.2,2025-11-12,2025-11-19,Delivered,Net Banking
5527,CUST-133,Customer_33,Noida,Corporate,PROD-217,Hair Care Oil 200ml,Beauty,180.0,450.0,4,0.15,2025-12-07,2025-12-08,Cancelled,Net Banking
5528,CUST-121,Customer_21,Mumbai,Corporate,PROD-214,Yoga Mat Extra Thick,Fitness,400.0,999.0,3,0.05,2025-01-07,2025-01-13,Delivered,COD
5529,CUST-115,Customer_15,Delhi,Consumer,PROD-217,Hair Care Oil 200ml,Beauty,180.0,450.0,2,0.05,2025-10-07,2025-10-13,Delivered,Debit Card
5530,CUST-112,Customer_12,Pune,Corporate,PROD-202,Smartwatch Pro,Electronics,2200.0,4999.0,1,0.15,2025-03-30,2025-04-05,Delivered,UPI
5531,CUST-118,Customer_18,Ghaziabad,Corporate,PROD-215,Whey Protein 1kg,Fitness,1800.0,3499.0,3,0.0,2025-03-08,2025-03-10,Delivered,Debit Card
5532,CUST-146,Customer_46,Ghaziabad,Consumer,PROD-205,Cotton Casual Shirt,Fashion,450.0,1199.0,1,0.2,2025-03-20,2025-03-23,Delivered,Debit Card
5533,CUST-137,Customer_37,Ghaziabad,Home Office,PROD-215,Whey Protein 1kg,Fitness,1800.0,3499.0,3,0.2,2025-02-07,2025-02-14,Delivered,Credit Card
5534,CUST-134,Customer_34,Faridabad,Corporate,PROD-213,Mechanical Keyboard,Electronics,1500.0,3499.0,4,0.0,2025-03-23,2025-03-27,Delivered,Debit Card
5535,CUST-114,Customer_14,Chennai,Corporate,PROD-209,Sunscreen Gel SPF50,Beauty,250.0,599.0,2,0.2,2025-07-04,2025-07-07,Delivered,COD
5536,CUST-136,Customer_36,Mumbai,Corporate,PROD-201,Wireless Headphones,Electronics,1200.0,2500.0,4,0.05,2025-12-09,2025-12-12,Returned,COD
5537,CUST-116,Customer_16,Bangalore,Corporate,PROD-203,"Gaming Laptop 15""",Electronics,45000.0,75000.0,1,0.15,2025-07-15,2025-07-22,Returned,Debit Card
5538,CUST-147,Customer_47,Mumbai,Corporate,PROD-208,Face Serum 30ml,Beauty,300.0,899.0,3,0.2,2025-09-22,2025-09-29,Delivered,COD
5539,CUST-132,Customer_32,Noida,Consumer,PROD-203,"Gaming Laptop 15""",Electronics,45000.0,75000.0,3,0.2,2025-11-30,2025-12-02,Delivered,UPI
5540,CUST-111,Customer_11,Pune,Consumer,PROD-218,Adjustable Dumbbells Pair,Fitness,2500.0,5499.0,1,0.05,2025-01-04,2025-01-10,Cancelled,Credit Card
5541,CUST-128,Customer_28,Chennai,Corporate,PROD-202,Smartwatch Pro,Electronics,2200.0,4999.0,4,0.0,2025-10-03,2025-10-10,Delivered,Credit Card
5542,CUST-130,Customer_30,Noida,Consumer,PROD-208,Face Serum 30ml,Beauty,300.0,899.0,1,0.05,2025-02-14,2025-02-15,Returned,Debit Card
5543,CUST-105,Customer_5,Pune,Consumer,PROD-214,Yoga Mat Extra Thick,Fitness,400.0,999.0,4,0.15,2025-05-13,2025-05-17,Delivered,Net Banking
5544,CUST-121,Customer_21,Mumbai,Corporate,PROD-204,Bluetooth Speaker,Electronics,800.0,1899.0,1,0.2,2025-12-11,2025-12-12,Cancelled,UPI
5545,CUST-138,Customer_38,Faridabad,Home Office,PROD-201,Wireless Headphones,Electronics,1200.0,2500.0,1,0.1,2025-07-03,2025-07-08,Returned,Debit Card
5546,CUST-106,Customer_6,Chennai,Corporate,PROD-209,Sunscreen Gel SPF50,Beauty,250.0,599.0,1,0.15,2025-07-15,2025-07-19,Returned,Credit Card
5547,CUST-115,Customer_15,Delhi,Consumer,PROD-216,Denim Jeans Regular,Fashion,800.0,1999.0,2,0.1,2025-10-07,2025-10-10,Delivered,Debit Card
5548,CUST-136,Customer_36,Mumbai,Corporate,PROD-214,Yoga Mat Extra Thick,Fitness,400.0,999.0,1,0.2,2025-03-05,2025-03-06,Delivered,COD
5549,CUST-135,Customer_35,Mumbai,Consumer,PROD-214,Yoga Mat Extra Thick,Fitness,400.0,999.0,3,0.05,2025-06-06,2025-06-08,Cancelled,Net Banking
5550,CUST-133,Customer_33,Noida,Corporate,PROD-206,Running Shoes,Fashion,1100.0,2799.0,3,0.05,2025-04-05,2025-04-07,Delivered,UPI
5551,CUST-143,Customer_43,Faridabad,Home Office,PROD-214,Yoga Mat Extra Thick,Fitness,400.0,999.0,1,0.1,2025-10-09,2025-10-13,Delivered,UPI
5552,CUST-107,Customer_7,Delhi,Consumer,PROD-216,Denim Jeans Regular,Fashion,800.0,1999.0,2,0.05,2025-06-19,2025-06-22,Delivered,UPI
5553,CUST-140,Customer_40,Gurgaon,Home Office,PROD-202,Smartwatch Pro,Electronics,2200.0,4999.0,4,0.1,2025-06-12,2025-06-16,Cancelled,COD
5554,CUST-120,Customer_20,Bangalore,Consumer,PROD-214,Yoga Mat Extra Thick,Fitness,400.0,999.0,3,0.1,2025-10-17,2025-10-22,Delivered,Net Banking
5555,CUST-101,Customer_1,Noida,Consumer,PROD-208,Face Serum 30ml,Beauty,300.0,899.0,4,0.1,2025-04-24,2025-04-30,Delivered,Debit Card
5556,CUST-144,Customer_44,Pune,Consumer,PROD-209,Sunscreen Gel SPF50,Beauty,250.0,599.0,3,0.1,2025-08-25,2025-08-29,Returned,Net Banking
5557,CUST-107,Customer_7,Delhi,Consumer,PROD-205,Cotton Casual Shirt,Fashion,450.0,1199.0,2,0.2,2025-05-24,2025-05-31,Delivered,Credit Card
5558,CUST-147,Customer_47,Mumbai,Corporate,PROD-201,Wireless Headphones,Electronics,1200.0,2500.0,1,0.2,2025-01-10,2025-01-17,Delivered,COD
5559,CUST-150,Customer_50,Mumbai,Consumer,PROD-214,Yoga Mat Extra Thick,Fitness,400.0,999.0,3,0.2,2025-01-19,2025-01-24,Delivered,COD
5560,CUST-142,Customer_42,Hyderabad,Corporate,PROD-207,Designer Handbag,Fashion,2500.0,5999.0,3,0.05,2025-07-20,2025-07-22,Returned,Net Banking
5561,CUST-133,Customer_33,Noida,Corporate,PROD-204,Bluetooth Speaker,Electronics,800.0,1899.0,1,0.05,2025-07-06,2025-07-11,Cancelled,COD
5562,CUST-111,Customer_11,Pune,Consumer,PROD-214,Yoga Mat Extra Thick,Fitness,400.0,999.0,2,0.2,2025-08-17,2025-08-19,Cancelled,COD
5563,CUST-110,Customer_10,Chennai,Consumer,PROD-211,Non-Stick Cookware Set,Home & Kitchen,1500.0,3299.0,4,0.05,2025-01-21,2025-01-23,Delivered,UPI
5564,CUST-124,Customer_24,Hyderabad,Home Office,PROD-205,Cotton Casual Shirt,Fashion,450.0,1199.0,3,0.15,2025-12-09,2025-12-11,Delivered,Net Banking
5565,CUST-103,Customer_3,Ghaziabad,Consumer,PROD-203,"Gaming Laptop 15""",Electronics,45000.0,75000.0,3,0.1,2025-02-22,2025-02-28,Returned,COD
5566,CUST-137,Customer_37,Ghaziabad,Home Office,PROD-216,Denim Jeans Regular,Fashion,800.0,1999.0,3,0.2,2025-12-01,2025-12-05,Returned,UPI
5567,CUST-117,Customer_17,Faridabad,Consumer,PROD-210,Ergonomic Chair,Home & Kitchen,3500.0,7999.0,3,0.1,2025-09-22,2025-09-26,Delivered,Net Banking
5568,CUST-139,Customer_39,Noida,Home Office,PROD-213,Mechanical Keyboard,Electronics,1500.0,3499.0,2,0.05,2025-03-13,2025-03-17,Returned,UPI
5569,CUST-142,Customer_42,Hyderabad,Corporate,PROD-208,Face Serum 30ml,Beauty,300.0,899.0,2,0.1,2025-03-18,2025-03-20,Cancelled,COD
5570,CUST-108,Customer_8,Noida,Consumer,PROD-216,Denim Jeans Regular,Fashion,800.0,1999.0,1,0.15,2025-06-19,2025-06-25,Delivered,Net Banking
5571,CUST-114,Customer_14,Chennai,Corporate,PROD-214,Yoga Mat Extra Thick,Fitness,400.0,999.0,4,0.0,2025-11-28,2025-12-05,Delivered,Credit Card
5572,CUST-109,Customer_9,Ghaziabad,Home Office,PROD-218,Adjustable Dumbbells Pair,Fitness,2500.0,5499.0,1,0.2,2025-03-24,2025-03-26,Delivered,Credit Card
5573,CUST-111,Customer_11,Pune,Consumer,PROD-208,Face Serum 30ml,Beauty,300.0,899.0,1,0.1,2025-09-22,2025-09-26,Delivered,UPI
5574,CUST-129,Customer_29,Chennai,Consumer,PROD-215,Whey Protein 1kg,Fitness,1800.0,3499.0,2,0.15,2025-09-04,2025-09-06,Delivered,COD
5575,CUST-138,Customer_38,Faridabad,Home Office,PROD-207,Designer Handbag,Fashion,2500.0,5999.0,3,0.15,2025-03-27,2025-04-02,Returned,COD
5576,CUST-105,Customer_5,Pune,Consumer,PROD-216,Denim Jeans Regular,Fashion,800.0,1999.0,1,0.0,2025-07-17,2025-07-19,Returned,Credit Card
5577,CUST-133,Customer_33,Noida,Corporate,PROD-210,Ergonomic Chair,Home & Kitchen,3500.0,7999.0,2,0.15,2025-11-07,2025-11-08,Returned,COD
5578,CUST-103,Customer_3,Ghaziabad,Consumer,PROD-218,Adjustable Dumbbells Pair,Fitness,2500.0,5499.0,4,0.05,2025-03-02,2025-03-03,Returned,COD
5579,CUST-101,Customer_1,Noida,Consumer,PROD-212,Air Fryer 4L Digital,Home & Kitchen,3200.0,6499.0,1,0.2,2025-08-04,2025-08-07,Delivered,Net Banking
5580,CUST-131,Customer_31,Ghaziabad,Corporate,PROD-211,Non-Stick Cookware Set,Home & Kitchen,1500.0,3299.0,1,0.15,2025-10-29,2025-11-05,Delivered,Credit Card
5581,CUST-131,Customer_31,Ghaziabad,Corporate,PROD-205,Cotton Casual Shirt,Fashion,450.0,1199.0,4,0.1,2025-05-26,2025-05-31,Delivered,Credit Card
5582,CUST-146,Customer_46,Ghaziabad,Consumer,PROD-213,Mechanical Keyboard,Electronics,1500.0,3499.0,1,0.15,2025-09-25,2025-09-26,Cancelled,Credit Card
5583,CUST-121,Customer_21,Mumbai,Corporate,PROD-211,Non-Stick Cookware Set,Home & Kitchen,1500.0,3299.0,4,0.2,2025-02-24,2025-02-26,Delivered,Debit Card
5584,CUST-135,Customer_35,Mumbai,Consumer,PROD-212,Air Fryer 4L Digital,Home & Kitchen,3200.0,6499.0,3,0.15,2025-07-07,2025-07-12,Delivered,Credit Card
5585,CUST-136,Customer_36,Mumbai,Corporate,PROD-215,Whey Protein 1kg,Fitness,1800.0,3499.0,4,0.1,2025-04-02,2025-04-05,Returned,Debit Card
5586,CUST-123,Customer_23,Delhi,Home Office,PROD-212,Air Fryer 4L Digital,Home & Kitchen,3200.0,6499.0,1,0.05,2025-03-12,2025-03-19,Cancelled,Net Banking
5587,CUST-111,Customer_11,Pune,Consumer,PROD-202,Smartwatch Pro,Electronics,2200.0,4999.0,3,0.2,2025-09-18,2025-09-22,Cancelled,COD
5588,CUST-144,Customer_44,Pune,Consumer,PROD-202,Smartwatch Pro,Electronics,2200.0,4999.0,1,0.0,2025-07-19,2025-07-25,Delivered,Credit Card
5589,CUST-139,Customer_39,Noida,Home Office,PROD-210,Ergonomic Chair,Home & Kitchen,3500.0,7999.0,2,0.1,2025-02-02,2025-02-05,Returned,UPI
5590,CUST-103,Customer_3,Ghaziabad,Consumer,PROD-211,Non-Stick Cookware Set,Home & Kitchen,1500.0,3299.0,3,0.2,2025-11-11,2025-11-17,Delivered,UPI
5591,CUST-141,Customer_41,Ghaziabad,Consumer,PROD-211,Non-Stick Cookware Set,Home & Kitchen,1500.0,3299.0,3,0.05,2025-01-06,2025-01-08,Returned,UPI
5592,CUST-133,Customer_33,Noida,Corporate,PROD-218,Adjustable Dumbbells Pair,Fitness,2500.0,5499.0,2,0.0,2025-04-29,2025-05-04,Delivered,Debit Card
5593,CUST-142,Customer_42,Hyderabad,Corporate,PROD-202,Smartwatch Pro,Electronics,2200.0,4999.0,4,0.1,2025-02-14,2025-02-17,Delivered,Net Banking
5594,CUST-138,Customer_38,Faridabad,Home Office,PROD-205,Cotton Casual Shirt,Fashion,450.0,1199.0,1,0.2,2025-12-27,2025-12-28,Cancelled,Debit Card
5595,CUST-136,Customer_36,Mumbai,Corporate,PROD-215,Whey Protein 1kg,Fitness,1800.0,3499.0,3,0.05,2025-06-27,2025-07-04,Delivered,COD
5596,CUST-130,Customer_30,Noida,Consumer,PROD-212,Air Fryer 4L Digital,Home & Kitchen,3200.0,6499.0,2,0.15,2025-01-03,2025-01-06,Delivered,COD
5597,CUST-136,Customer_36,Mumbai,Corporate,PROD-213,Mechanical Keyboard,Electronics,1500.0,3499.0,1,0.2,2025-05-31,2025-06-03,Returned,Debit Card
5598,CUST-137,Customer_37,Ghaziabad,Home Office,PROD-217,Hair Care Oil 200ml,Beauty,180.0,450.0,4,0.05,2025-08-15,2025-08-19,Delivered,Debit Card
5599,CUST-144,Customer_44,Pune,Consumer,PROD-212,Air Fryer 4L Digital,Home & Kitchen,3200.0,6499.0,1,0.1,2025-01-15,2025-01-19,Delivered,UPI
5600,CUST-141,Customer_41,Ghaziabad,Consumer,PROD-206,Running Shoes,Fashion,1100.0,2799.0,3,0.2,2025-06-11,2025-06-15,Delivered,COD
5601,CUST-145,Customer_45,Mumbai,Consumer,PROD-208,Face Serum 30ml,Beauty,300.0,899.0,4,0.1,2025-05-28,2025-05-29,Returned,UPI
5602,CUST-112,Customer_12,Pune,Corporate,PROD-211,Non-Stick Cookware Set,Home & Kitchen,1500.0,3299.0,3,0.05,2025-07-01,2025-07-03,Delivered,Credit Card
5603,CUST-148,Customer_48,Faridabad,Consumer,PROD-206,Running Shoes,Fashion,1100.0,2799.0,3,0.05,2025-05-04,2025-05-11,Delivered,Credit Card
5604,CUST-116,Customer_16,Bangalore,Corporate,PROD-215,Whey Protein 1kg,Fitness,1800.0,3499.0,1,0.0,2025-03-21,2025-03-28,Cancelled,UPI
5605,CUST-143,Customer_43,Faridabad,Home Office,PROD-212,Air Fryer 4L Digital,Home & Kitchen,3200.0,6499.0,1,0.15,2025-01-04,2025-01-11,Returned,Debit Card
5606,CUST-121,Customer_21,Mumbai,Corporate,PROD-212,Air Fryer 4L Digital,Home & Kitchen,3200.0,6499.0,2,0.2,2025-05-21,2025-05-25,Delivered,Debit Card
5607,CUST-115,Customer_15,Delhi,Consumer,PROD-214,Yoga Mat Extra Thick,Fitness,400.0,999.0,4,0.15,2025-01-28,2025-02-02,Delivered,COD
5608,CUST-133,Customer_33,Noida,Corporate,PROD-209,Sunscreen Gel SPF50,Beauty,250.0,599.0,2,0.15,2025-12-18,2025-12-25,Cancelled,UPI
5609,CUST-134,Customer_34,Faridabad,Corporate,PROD-211,Non-Stick Cookware Set,Home & Kitchen,1500.0,3299.0,1,0.05,2025-12-19,2025-12-20,Returned,Net Banking
5610,CUST-107,Customer_7,Delhi,Consumer,PROD-209,Sunscreen Gel SPF50,Beauty,250.0,599.0,3,0.05,2025-11-10,2025-11-17,Delivered,COD
5611,CUST-116,Customer_16,Bangalore,Corporate,PROD-209,Sunscreen Gel SPF50,Beauty,250.0,599.0,3,0.05,2025-11-10,2025-11-13,Delivered,Net Banking
5612,CUST-114,Customer_14,Chennai,Corporate,PROD-212,Air Fryer 4L Digital,Home & Kitchen,3200.0,6499.0,4,0.1,2025-07-10,2025-07-13,Delivered,Net Banking
5613,CUST-137,Customer_37,Ghaziabad,Home Office,PROD-206,Running Shoes,Fashion,1100.0,2799.0,3,0.05,2025-02-21,2025-02-27,Delivered,COD
5614,CUST-125,Customer_25,Noida,Corporate,PROD-206,Running Shoes,Fashion,1100.0,2799.0,1,0.05,2025-03-18,2025-03-22,Delivered,Net Banking
5615,CUST-109,Customer_9,Ghaziabad,Home Office,PROD-218,Adjustable Dumbbells Pair,Fitness,2500.0,5499.0,4,0.1,2025-06-11,2025-06-18,Returned,Debit Card
5616,CUST-137,Customer_37,Ghaziabad,Home Office,PROD-204,Bluetooth Speaker,Electronics,800.0,1899.0,2,0.0,2025-02-20,2025-02-26,Delivered,Credit Card
5617,CUST-131,Customer_31,Ghaziabad,Corporate,PROD-204,Bluetooth Speaker,Electronics,800.0,1899.0,3,0.1,2025-06-21,2025-06-24,Returned,COD
5618,CUST-117,Customer_17,Faridabad,Consumer,PROD-208,Face Serum 30ml,Beauty,300.0,899.0,3,0.2,2025-07-30,2025-07-31,Returned,Credit Card
5619,CUST-137,Customer_37,Ghaziabad,Home Office,PROD-214,Yoga Mat Extra Thick,Fitness,400.0,999.0,3,0.2,2025-05-26,2025-05-29,Cancelled,Net Banking
5620,CUST-129,Customer_29,Chennai,Consumer,PROD-204,Bluetooth Speaker,Electronics,800.0,1899.0,4,0.05,2025-11-11,2025-11-14,Cancelled,Credit Card
5621,CUST-122,Customer_22,Chennai,Corporate,PROD-212,Air Fryer 4L Digital,Home & Kitchen,3200.0,6499.0,4,0.0,2025-11-10,2025-11-15,Delivered,UPI
5622,CUST-122,Customer_22,Chennai,Corporate,PROD-207,Designer Handbag,Fashion,2500.0,5999.0,3,0.1,2025-06-12,2025-06-18,Cancelled,COD
5623,CUST-126,Customer_26,Noida,Home Office,PROD-209,Sunscreen Gel SPF50,Beauty,250.0,599.0,4,0.15,2025-07-05,2025-07-11,Delivered,Credit Card
5624,CUST-102,Customer_2,Faridabad,Consumer,PROD-206,Running Shoes,Fashion,1100.0,2799.0,1,0.05,2025-12-05,2025-12-08,Delivered,Credit Card
5625,CUST-107,Customer_7,Delhi,Consumer,PROD-201,Wireless Headphones,Electronics,1200.0,2500.0,1,0.0,2025-08-31,2025-09-05,Returned,Net Banking
5626,CUST-149,Customer_49,Ghaziabad,Home Office,PROD-201,Wireless Headphones,Electronics,1200.0,2500.0,2,0.0,2025-05-15,2025-05-20,Delivered,Net Banking
5627,CUST-115,Customer_15,Delhi,Consumer,PROD-207,Designer Handbag,Fashion,2500.0,5999.0,2,0.05,2025-08-15,2025-08-21,Delivered,COD
5628,CUST-102,Customer_2,Faridabad,Consumer,PROD-203,"Gaming Laptop 15""",Electronics,45000.0,75000.0,4,0.15,2025-06-16,2025-06-23,Delivered,COD
5629,CUST-136,Customer_36,Mumbai,Corporate,PROD-210,Ergonomic Chair,Home & Kitchen,3500.0,7999.0,2,0.2,2025-12-24,2025-12-29,Delivered,COD
5630,CUST-141,Customer_41,Ghaziabad,Consumer,PROD-215,Whey Protein 1kg,Fitness,1800.0,3499.0,3,0.1,2025-09-26,2025-10-02,Returned,Net Banking
5631,CUST-115,Customer_15,Delhi,Consumer,PROD-204,Bluetooth Speaker,Electronics,800.0,1899.0,4,0.1,2025-06-07,2025-06-10,Delivered,Credit Card
5632,CUST-101,Customer_1,Noida,Consumer,PROD-213,Mechanical Keyboard,Electronics,1500.0,3499.0,3,0.15,2025-03-11,2025-03-14,Delivered,COD
5633,CUST-145,Customer_45,Mumbai,Consumer,PROD-211,Non-Stick Cookware Set,Home & Kitchen,1500.0,3299.0,4,0.1,2025-06-03,2025-06-04,Delivered,COD
5634,CUST-101,Customer_1,Noida,Consumer,PROD-215,Whey Protein 1kg,Fitness,1800.0,3499.0,4,0.15,2025-04-07,2025-04-11,Delivered,Credit Card
5635,CUST-146,Customer_46,Ghaziabad,Consumer,PROD-211,Non-Stick Cookware Set,Home & Kitchen,1500.0,3299.0,1,0.15,2025-04-23,2025-04-26,Returned,Credit Card
5636,CUST-149,Customer_49,Ghaziabad,Home Office,PROD-218,Adjustable Dumbbells Pair,Fitness,2500.0,5499.0,3,0.2,2025-12-17,2025-12-20,Delivered,Debit Card
5637,CUST-113,Customer_13,Ghaziabad,Corporate,PROD-202,Smartwatch Pro,Electronics,2200.0,4999.0,1,0.15,2025-03-11,2025-03-14,Delivered,COD
5638,CUST-118,Customer_18,Ghaziabad,Corporate,PROD-215,Whey Protein 1kg,Fitness,1800.0,3499.0,1,0.05,2025-04-07,2025-04-10,Returned,UPI
5639,CUST-102,Customer_2,Faridabad,Consumer,PROD-205,Cotton Casual Shirt,Fashion,450.0,1199.0,2,0.15,2025-05-25,2025-05-28,Delivered,UPI
5640,CUST-106,Customer_6,Chennai,Corporate,PROD-205,Cotton Casual Shirt,Fashion,450.0,1199.0,3,0.15,2025-09-10,2025-09-12,Delivered,Debit Card
5641,CUST-124,Customer_24,Hyderabad,Home Office,PROD-212,Air Fryer 4L Digital,Home & Kitchen,3200.0,6499.0,1,0.05,2025-01-17,2025-01-20,Delivered,UPI
5642,CUST-150,Customer_50,Mumbai,Consumer,PROD-210,Ergonomic Chair,Home & Kitchen,3500.0,7999.0,2,0.05,2025-10-06,2025-10-10,Delivered,Debit Card
5643,CUST-101,Customer_1,Noida,Consumer,PROD-202,Smartwatch Pro,Electronics,2200.0,4999.0,4,0.05,2025-07-17,2025-07-24,Delivered,UPI
5644,CUST-130,Customer_30,Noida,Consumer,PROD-213,Mechanical Keyboard,Electronics,1500.0,3499.0,4,0.15,2025-12-07,2025-12-09,Delivered,Debit Card
5645,CUST-111,Customer_11,Pune,Consumer,PROD-213,Mechanical Keyboard,Electronics,1500.0,3499.0,3,0.15,2025-09-24,2025-09-25,Delivered,Debit Card
5646,CUST-124,Customer_24,Hyderabad,Home Office,PROD-202,Smartwatch Pro,Electronics,2200.0,4999.0,4,0.1,2025-02-27,2025-03-01,Delivered,UPI
5647,CUST-118,Customer_18,Ghaziabad,Corporate,PROD-214,Yoga Mat Extra Thick,Fitness,400.0,999.0,2,0.0,2025-07-22,2025-07-29,Returned,UPI
5648,CUST-145,Customer_45,Mumbai,Consumer,PROD-212,Air Fryer 4L Digital,Home & Kitchen,3200.0,6499.0,3,0.0,2025-11-02,2025-11-04,Delivered,Credit Card
5649,CUST-132,Customer_32,Noida,Consumer,PROD-213,Mechanical Keyboard,Electronics,1500.0,3499.0,1,0.0,2025-06-23,2025-06-30,Cancelled,Debit Card
5650,CUST-110,Customer_10,Chennai,Consumer,PROD-214,Yoga Mat Extra Thick,Fitness,400.0,999.0,2,0.1,2025-03-06,2025-03-10,Cancelled,COD
5651,CUST-149,Customer_49,Ghaziabad,Home Office,PROD-209,Sunscreen Gel SPF50,Beauty,250.0,599.0,4,0.1,2025-04-09,2025-04-10,Delivered,Credit Card
5652,CUST-103,Customer_3,Ghaziabad,Consumer,PROD-212,Air Fryer 4L Digital,Home & Kitchen,3200.0,6499.0,3,0.2,2025-08-13,2025-08-18,Delivered,Net Banking
5653,CUST-137,Customer_37,Ghaziabad,Home Office,PROD-207,Designer Handbag,Fashion,2500.0,5999.0,4,0.1,2025-06-15,2025-06-21,Returned,COD
5654,CUST-111,Customer_11,Pune,Consumer,PROD-213,Mechanical Keyboard,Electronics,1500.0,3499.0,3,0.1,2025-03-21,2025-03-25,Delivered,COD
5655,CUST-130,Customer_30,Noida,Consumer,PROD-213,Mechanical Keyboard,Electronics,1500.0,3499.0,2,0.0,2025-07-14,2025-07-20,Delivered,COD
5656,CUST-150,Customer_50,Mumbai,Consumer,PROD-214,Yoga Mat Extra Thick,Fitness,400.0,999.0,1,0.2,2025-06-14,2025-06-20,Delivered,Net Banking
5657,CUST-134,Customer_34,Faridabad,Corporate,PROD-212,Air Fryer 4L Digital,Home & Kitchen,3200.0,6499.0,3,0.1,2025-03-20,2025-03-25,Cancelled,Net Banking
5658,CUST-121,Customer_21,Mumbai,Corporate,PROD-201,Wireless Headphones,Electronics,1200.0,2500.0,1,0.0,2025-09-25,2025-10-01,Delivered,Credit Card
5659,CUST-103,Customer_3,Ghaziabad,Consumer,PROD-205,Cotton Casual Shirt,Fashion,450.0,1199.0,1,0.0,2025-09-06,2025-09-08,Cancelled,COD
5660,CUST-125,Customer_25,Noida,Corporate,PROD-212,Air Fryer 4L Digital,Home & Kitchen,3200.0,6499.0,3,0.0,2025-11-16,2025-11-22,Delivered,Debit Card
5661,CUST-139,Customer_39,Noida,Home Office,PROD-201,Wireless Headphones,Electronics,1200.0,2500.0,4,0.0,2025-04-17,2025-04-23,Cancelled,Net Banking
5662,CUST-104,Customer_4,Noida,Home Office,PROD-217,Hair Care Oil 200ml,Beauty,180.0,450.0,3,0.0,2025-08-01,2025-08-08,Delivered,COD
5663,CUST-134,Customer_34,Faridabad,Corporate,PROD-201,Wireless Headphones,Electronics,1200.0,2500.0,2,0.2,2025-06-05,2025-06-06,Delivered,UPI
5664,CUST-147,Customer_47,Mumbai,Corporate,PROD-216,Denim Jeans Regular,Fashion,800.0,1999.0,2,0.2,2025-04-08,2025-04-10,Returned,Credit Card
5665,CUST-148,Customer_48,Faridabad,Consumer,PROD-215,Whey Protein 1kg,Fitness,1800.0,3499.0,3,0.15,2025-02-24,2025-03-03,Delivered,Net Banking
5666,CUST-111,Customer_11,Pune,Consumer,PROD-216,Denim Jeans Regular,Fashion,800.0,1999.0,2,0.2,2025-09-16,2025-09-19,Delivered,COD
5667,CUST-123,Customer_23,Delhi,Home Office,PROD-217,Hair Care Oil 200ml,Beauty,180.0,450.0,3,0.15,2025-06-16,2025-06-23,Cancelled,Net Banking
5668,CUST-121,Customer_21,Mumbai,Corporate,PROD-214,Yoga Mat Extra Thick,Fitness,400.0,999.0,2,0.15,2025-10-16,2025-10-21,Cancelled,COD
5669,CUST-117,Customer_17,Faridabad,Consumer,PROD-209,Sunscreen Gel SPF50,Beauty,250.0,599.0,1,0.0,2025-08-18,2025-08-22,Returned,Debit Card
5670,CUST-102,Customer_2,Faridabad,Consumer,PROD-214,Yoga Mat Extra Thick,Fitness,400.0,999.0,3,0.05,2025-06-04,2025-06-05,Delivered,Credit Card
5671,CUST-102,Customer_2,Faridabad,Consumer,PROD-217,Hair Care Oil 200ml,Beauty,180.0,450.0,2,0.0,2025-09-19,2025-09-24,Delivered,UPI
5672,CUST-123,Customer_23,Delhi,Home Office,PROD-206,Running Shoes,Fashion,1100.0,2799.0,2,0.05,2025-05-16,2025-05-19,Delivered,Debit Card
5673,CUST-106,Customer_6,Chennai,Corporate,PROD-215,Whey Protein 1kg,Fitness,1800.0,3499.0,1,0.1,2025-10-19,2025-10-21,Delivered,Net Banking
5674,CUST-132,Customer_32,Noida,Consumer,PROD-214,Yoga Mat Extra Thick,Fitness,400.0,999.0,3,0.0,2025-11-01,2025-11-07,Delivered,COD
5675,CUST-106,Customer_6,Chennai,Corporate,PROD-203,"Gaming Laptop 15""",Electronics,45000.0,75000.0,4,0.15,2025-06-28,2025-07-05,Delivered,UPI
5676,CUST-148,Customer_48,Faridabad,Consumer,PROD-214,Yoga Mat Extra Thick,Fitness,400.0,999.0,4,0.0,2025-11-21,2025-11-28,Returned,Debit Card
5677,CUST-103,Customer_3,Ghaziabad,Consumer,PROD-217,Hair Care Oil 200ml,Beauty,180.0,450.0,3,0.2,2025-10-17,2025-10-19,Delivered,Credit Card
5678,CUST-104,Customer_4,Noida,Home Office,PROD-211,Non-Stick Cookware Set,Home & Kitchen,1500.0,3299.0,1,0.05,2025-11-01,2025-11-06,Delivered,Net Banking
5679,CUST-126,Customer_26,Noida,Home Office,PROD-206,Running Shoes,Fashion,1100.0,2799.0,4,0.2,2025-06-22,2025-06-23,Returned,UPI
5680,CUST-126,Customer_26,Noida,Home Office,PROD-208,Face Serum 30ml,Beauty,300.0,899.0,4,0.05,2025-07-24,2025-07-29,Delivered,Credit Card
5681,CUST-136,Customer_36,Mumbai,Corporate,PROD-216,Denim Jeans Regular,Fashion,800.0,1999.0,2,0.2,2025-07-22,2025-07-28,Cancelled,COD
5682,CUST-134,Customer_34,Faridabad,Corporate,PROD-206,Running Shoes,Fashion,1100.0,2799.0,4,0.1,2025-02-06,2025-02-09,Delivered,COD
5683,CUST-108,Customer_8,Noida,Consumer,PROD-211,Non-Stick Cookware Set,Home & Kitchen,1500.0,3299.0,2,0.1,2025-07-07,2025-07-10,Returned,Debit Card
5684,CUST-142,Customer_42,Hyderabad,Corporate,PROD-203,"Gaming Laptop 15""",Electronics,45000.0,75000.0,4,0.2,2025-03-28,2025-03-31,Delivered,Credit Card
5685,CUST-103,Customer_3,Ghaziabad,Consumer,PROD-206,Running Shoes,Fashion,1100.0,2799.0,2,0.0,2025-12-17,2025-12-20,Cancelled,UPI
5686,CUST-104,Customer_4,Noida,Home Office,PROD-206,Running Shoes,Fashion,1100.0,2799.0,3,0.0,2025-05-28,2025-05-29,Delivered,Debit Card
5687,CUST-131,Customer_31,Ghaziabad,Corporate,PROD-203,"Gaming Laptop 15""",Electronics,45000.0,75000.0,2,0.05,2025-04-18,2025-04-24,Returned,COD
5688,CUST-149,Customer_49,Ghaziabad,Home Office,PROD-217,Hair Care Oil 200ml,Beauty,180.0,450.0,2,0.0,2025-09-05,2025-09-10,Returned,Net Banking
5689,CUST-143,Customer_43,Faridabad,Home Office,PROD-214,Yoga Mat Extra Thick,Fitness,400.0,999.0,1,0.1,2025-05-11,2025-05-13,Cancelled,Credit Card
5690,CUST-140,Customer_40,Gurgaon,Home Office,PROD-208,Face Serum 30ml,Beauty,300.0,899.0,1,0.0,2025-08-27,2025-09-02,Cancelled,Net Banking
5691,CUST-118,Customer_18,Ghaziabad,Corporate,PROD-208,Face Serum 30ml,Beauty,300.0,899.0,4,0.05,2025-01-10,2025-01-13,Returned,Net Banking
5692,CUST-146,Customer_46,Ghaziabad,Consumer,PROD-203,"Gaming Laptop 15""",Electronics,45000.0,75000.0,1,0.05,2025-09-06,2025-09-13,Returned,Credit Card
5693,CUST-130,Customer_30,Noida,Consumer,PROD-218,Adjustable Dumbbells Pair,Fitness,2500.0,5499.0,2,0.2,2025-01-12,2025-01-13,Delivered,Debit Card
5694,CUST-132,Customer_32,Noida,Consumer,PROD-212,Air Fryer 4L Digital,Home & Kitchen,3200.0,6499.0,3,0.1,2025-03-22,2025-03-23,Cancelled,Debit Card
5695,CUST-120,Customer_20,Bangalore,Consumer,PROD-207,Designer Handbag,Fashion,2500.0,5999.0,3,0.15,2025-02-01,2025-02-07,Returned,UPI
5696,CUST-118,Customer_18,Ghaziabad,Corporate,PROD-206,Running Shoes,Fashion,1100.0,2799.0,2,0.0,2025-06-24,2025-06-28,Returned,Net Banking
5697,CUST-144,Customer_44,Pune,Consumer,PROD-218,Adjustable Dumbbells Pair,Fitness,2500.0,5499.0,4,0.05,2025-12-18,2025-12-20,Delivered,COD
5698,CUST-128,Customer_28,Chennai,Corporate,PROD-217,Hair Care Oil 200ml,Beauty,180.0,450.0,2,0.05,2025-06-18,2025-06-22,Returned,Credit Card
5699,CUST-135,Customer_35,Mumbai,Consumer,PROD-206,Running Shoes,Fashion,1100.0,2799.0,2,0.15,2025-06-08,2025-06-14,Cancelled,Credit Card
5700,CUST-137,Customer_37,Ghaziabad,Home Office,PROD-207,Designer Handbag,Fashion,2500.0,5999.0,1,0.05,2025-02-04,2025-02-09,Delivered,Debit Card
5701,CUST-147,Customer_47,Mumbai,Corporate,PROD-203,"Gaming Laptop 15""",Electronics,45000.0,75000.0,3,0.15,2025-07-31,2025-08-04,Delivered,Debit Card
5702,CUST-150,Customer_50,Mumbai,Consumer,PROD-205,Cotton Casual Shirt,Fashion,450.0,1199.0,1,0.2,2025-03-09,2025-03-11,Delivered,COD
5703,CUST-139,Customer_39,Noida,Home Office,PROD-218,Adjustable Dumbbells Pair,Fitness,2500.0,5499.0,2,0.05,2025-04-29,2025-05-04,Delivered,UPI
5704,CUST-106,Customer_6,Chennai,Corporate,PROD-210,Ergonomic Chair,Home & Kitchen,3500.0,7999.0,4,0.1,2025-09-15,2025-09-22,Delivered,Credit Card
5705,CUST-132,Customer_32,Noida,Consumer,PROD-210,Ergonomic Chair,Home & Kitchen,3500.0,7999.0,2,0.0,2025-03-25,2025-03-27,Delivered,Net Banking
5706,CUST-118,Customer_18,Ghaziabad,Corporate,PROD-210,Ergonomic Chair,Home & Kitchen,3500.0,7999.0,2,0.0,2025-12-10,2025-12-12,Delivered,Credit Card
5707,CUST-140,Customer_40,Gurgaon,Home Office,PROD-212,Air Fryer 4L Digital,Home & Kitchen,3200.0,6499.0,4,0.05,2025-06-16,2025-06-23,Delivered,Net Banking
5708,CUST-150,Customer_50,Mumbai,Consumer,PROD-213,Mechanical Keyboard,Electronics,1500.0,3499.0,3,0.15,2025-07-14,2025-07-20,Cancelled,COD
5709,CUST-137,Customer_37,Ghaziabad,Home Office,PROD-218,Adjustable Dumbbells Pair,Fitness,2500.0,5499.0,1,0.2,2025-09-26,2025-10-02,Delivered,UPI
5710,CUST-130,Customer_30,Noida,Consumer,PROD-202,Smartwatch Pro,Electronics,2200.0,4999.0,4,0.0,2025-09-23,2025-09-28,Delivered,COD
5711,CUST-134,Customer_34,Faridabad,Corporate,PROD-202,Smartwatch Pro,Electronics,2200.0,4999.0,4,0.1,2025-05-30,2025-06-03,Delivered,Debit Card
5712,CUST-111,Customer_11,Pune,Consumer,PROD-211,Non-Stick Cookware Set,Home & Kitchen,1500.0,3299.0,2,0.15,2025-11-10,2025-11-11,Delivered,Net Banking
5713,CUST-147,Customer_47,Mumbai,Corporate,PROD-214,Yoga Mat Extra Thick,Fitness,400.0,999.0,2,0.15,2025-04-03,2025-04-10,Delivered,Net Banking
5714,CUST-129,Customer_29,Chennai,Consumer,PROD-202,Smartwatch Pro,Electronics,2200.0,4999.0,2,0.15,2025-08-21,2025-08-26,Delivered,UPI
5715,CUST-121,Customer_21,Mumbai,Corporate,PROD-205,Cotton Casual Shirt,Fashion,450.0,1199.0,4,0.1,2025-02-16,2025-02-17,Returned,UPI
5716,CUST-146,Customer_46,Ghaziabad,Consumer,PROD-212,Air Fryer 4L Digital,Home & Kitchen,3200.0,6499.0,2,0.15,2025-09-19,2025-09-24,Delivered,COD
5717,CUST-103,Customer_3,Ghaziabad,Consumer,PROD-207,Designer Handbag,Fashion,2500.0,5999.0,2,0.05,2025-10-17,2025-10-24,Delivered,Credit Card
5718,CUST-150,Customer_50,Mumbai,Consumer,PROD-204,Bluetooth Speaker,Electronics,800.0,1899.0,4,0.1,2025-06-07,2025-06-10,Delivered,Credit Card
5719,CUST-109,Customer_9,Ghaziabad,Home Office,PROD-205,Cotton Casual Shirt,Fashion,450.0,1199.0,3,0.0,2025-11-15,2025-11-22,Delivered,Net Banking
5720,CUST-132,Customer_32,Noida,Consumer,PROD-214,Yoga Mat Extra Thick,Fitness,400.0,999.0,2,0.05,2025-11-08,2025-11-12,Cancelled,COD
5721,CUST-131,Customer_31,Ghaziabad,Corporate,PROD-211,Non-Stick Cookware Set,Home & Kitchen,1500.0,3299.0,1,0.05,2025-08-15,2025-08-16,Delivered,COD
5722,CUST-140,Customer_40,Gurgaon,Home Office,PROD-214,Yoga Mat Extra Thick,Fitness,400.0,999.0,2,0.0,2025-01-26,2025-01-28,Delivered,Debit Card
5723,CUST-110,Customer_10,Chennai,Consumer,PROD-213,Mechanical Keyboard,Electronics,1500.0,3499.0,3,0.0,2025-11-05,2025-11-08,Delivered,UPI
5724,CUST-127,Customer_27,Faridabad,Home Office,PROD-206,Running Shoes,Fashion,1100.0,2799.0,2,0.15,2025-12-11,2025-12-14,Delivered,COD
5725,CUST-103,Customer_3,Ghaziabad,Consumer,PROD-203,"Gaming Laptop 15""",Electronics,45000.0,75000.0,4,0.0,2025-06-15,2025-06-18,Returned,Net Banking
5726,CUST-105,Customer_5,Pune,Consumer,PROD-209,Sunscreen Gel SPF50,Beauty,250.0,599.0,3,0.1,2025-03-10,2025-03-11,Delivered,COD
5727,CUST-134,Customer_34,Faridabad,Corporate,PROD-206,Running Shoes,Fashion,1100.0,2799.0,1,0.2,2025-11-10,2025-11-11,Delivered,COD
5728,CUST-131,Customer_31,Ghaziabad,Corporate,PROD-218,Adjustable Dumbbells Pair,Fitness,2500.0,5499.0,3,0.1,2025-05-28,2025-06-01,Returned,COD
5729,CUST-140,Customer_40,Gurgaon,Home Office,PROD-208,Face Serum 30ml,Beauty,300.0,899.0,4,0.2,2025-11-11,2025-11-16,Delivered,Net Banking
5730,CUST-112,Customer_12,Pune,Corporate,PROD-214,Yoga Mat Extra Thick,Fitness,400.0,999.0,1,0.0,2025-05-29,2025-05-31,Delivered,UPI
5731,CUST-141,Customer_41,Ghaziabad,Consumer,PROD-202,Smartwatch Pro,Electronics,2200.0,4999.0,4,0.0,2025-11-12,2025-11-16,Delivered,Debit Card
5732,CUST-136,Customer_36,Mumbai,Corporate,PROD-205,Cotton Casual Shirt,Fashion,450.0,1199.0,3,0.1,2025-11-24,2025-11-26,Delivered,UPI
5733,CUST-120,Customer_20,Bangalore,Consumer,PROD-218,Adjustable Dumbbells Pair,Fitness,2500.0,5499.0,1,0.0,2025-06-15,2025-06-22,Delivered,Debit Card
5734,CUST-126,Customer_26,Noida,Home Office,PROD-218,Adjustable Dumbbells Pair,Fitness,2500.0,5499.0,2,0.05,2025-01-15,2025-01-22,Delivered,Debit Card
5735,CUST-144,Customer_44,Pune,Consumer,PROD-211,Non-Stick Cookware Set,Home & Kitchen,1500.0,3299.0,2,0.15,2025-01-19,2025-01-25,Cancelled,Credit Card
5736,CUST-130,Customer_30,Noida,Consumer,PROD-215,Whey Protein 1kg,Fitness,1800.0,3499.0,4,0.0,2025-08-25,2025-09-01,Delivered,COD
5737,CUST-137,Customer_37,Ghaziabad,Home Office,PROD-217,Hair Care Oil 200ml,Beauty,180.0,450.0,2,0.2,2025-10-02,2025-10-03,Delivered,Debit Card
5738,CUST-105,Customer_5,Pune,Consumer,PROD-207,Designer Handbag,Fashion,2500.0,5999.0,4,0.2,2025-01-16,2025-01-19,Returned,Credit Card
5739,CUST-139,Customer_39,Noida,Home Office,PROD-210,Ergonomic Chair,Home & Kitchen,3500.0,7999.0,3,0.1,2025-11-01,2025-11-02,Delivered,UPI
5740,CUST-127,Customer_27,Faridabad,Home Office,PROD-204,Bluetooth Speaker,Electronics,800.0,1899.0,4,0.1,2025-05-02,2025-05-05,Returned,Credit Card
5741,CUST-120,Customer_20,Bangalore,Consumer,PROD-205,Cotton Casual Shirt,Fashion,450.0,1199.0,1,0.05,2025-07-11,2025-07-18,Delivered,UPI
5742,CUST-133,Customer_33,Noida,Corporate,PROD-204,Bluetooth Speaker,Electronics,800.0,1899.0,2,0.1,2025-09-14,2025-09-16,Cancelled,Net Banking
5743,CUST-134,Customer_34,Faridabad,Corporate,PROD-209,Sunscreen Gel SPF50,Beauty,250.0,599.0,1,0.2,2025-03-15,2025-03-22,Delivered,Credit Card
5744,CUST-147,Customer_47,Mumbai,Corporate,PROD-204,Bluetooth Speaker,Electronics,800.0,1899.0,1,0.0,2025-07-18,2025-07-24,Delivered,Debit Card
5745,CUST-144,Customer_44,Pune,Consumer,PROD-214,Yoga Mat Extra Thick,Fitness,400.0,999.0,1,0.0,2025-06-20,2025-06-24,Cancelled,COD
5746,CUST-148,Customer_48,Faridabad,Consumer,PROD-208,Face Serum 30ml,Beauty,300.0,899.0,3,0.05,2025-10-23,2025-10-30,Delivered,Debit Card
5747,CUST-113,Customer_13,Ghaziabad,Corporate,PROD-209,Sunscreen Gel SPF50,Beauty,250.0,599.0,4,0.0,2025-09-30,2025-10-03,Delivered,Debit Card
5748,CUST-111,Customer_11,Pune,Consumer,PROD-208,Face Serum 30ml,Beauty,300.0,899.0,1,0.05,2025-01-08,2025-01-13,Delivered,COD
5749,CUST-136,Customer_36,Mumbai,Corporate,PROD-209,Sunscreen Gel SPF50,Beauty,250.0,599.0,3,0.2,2025-03-14,2025-03-20,Delivered,Credit Card
5750,CUST-105,Customer_5,Pune,Consumer,PROD-217,Hair Care Oil 200ml,Beauty,180.0,450.0,4,0.0,2025-06-23,2025-06-28,Delivered,Credit Card
5751,CUST-131,Customer_31,Ghaziabad,Corporate,PROD-201,Wireless Headphones,Electronics,1200.0,2500.0,1,0.15,2025-07-16,2025-07-17,Delivered,Net Banking
5752,CUST-146,Customer_46,Ghaziabad,Consumer,PROD-218,Adjustable Dumbbells Pair,Fitness,2500.0,5499.0,4,0.2,2025-11-19,2025-11-26,Delivered,Debit Card
5753,CUST-122,Customer_22,Chennai,Corporate,PROD-205,Cotton Casual Shirt,Fashion,450.0,1199.0,2,0.0,2025-08-27,2025-09-01,Delivered,Net Banking
5754,CUST-130,Customer_30,Noida,Consumer,PROD-217,Hair Care Oil 200ml,Beauty,180.0,450.0,4,0.15,2025-11-26,2025-12-02,Delivered,Credit Card
5755,CUST-110,Customer_10,Chennai,Consumer,PROD-215,Whey Protein 1kg,Fitness,1800.0,3499.0,2,0.1,2025-07-06,2025-07-10,Delivered,Debit Card
5756,CUST-132,Customer_32,Noida,Consumer,PROD-201,Wireless Headphones,Electronics,1200.0,2500.0,3,0.15,2025-09-01,2025-09-02,Delivered,Net Banking
5757,CUST-119,Customer_19,Noida,Consumer,PROD-217,Hair Care Oil 200ml,Beauty,180.0,450.0,1,0.15,2025-10-22,2025-10-24,Delivered,UPI
5758,CUST-136,Customer_36,Mumbai,Corporate,PROD-203,"Gaming Laptop 15""",Electronics,45000.0,75000.0,4,0.2,2025-09-30,2025-10-04,Delivered,Net Banking
5759,CUST-140,Customer_40,Gurgaon,Home Office,PROD-206,Running Shoes,Fashion,1100.0,2799.0,1,0.1,2025-09-04,2025-09-08,Cancelled,Credit Card
5760,CUST-138,Customer_38,Faridabad,Home Office,PROD-211,Non-Stick Cookware Set,Home & Kitchen,1500.0,3299.0,3,0.2,2025-10-18,2025-10-25,Delivered,Credit Card
5761,CUST-143,Customer_43,Faridabad,Home Office,PROD-213,Mechanical Keyboard,Electronics,1500.0,3499.0,4,0.1,2025-09-07,2025-09-08,Delivered,COD
5762,CUST-129,Customer_29,Chennai,Consumer,PROD-207,Designer Handbag,Fashion,2500.0,5999.0,1,0.2,2025-07-27,2025-07-28,Delivered,Net Banking
5763,CUST-132,Customer_32,Noida,Consumer,PROD-201,Wireless Headphones,Electronics,1200.0,2500.0,2,0.2,2025-04-22,2025-04-29,Delivered,UPI
5764,CUST-143,Customer_43,Faridabad,Home Office,PROD-216,Denim Jeans Regular,Fashion,800.0,1999.0,4,0.2,2025-09-30,2025-10-03,Delivered,COD
5765,CUST-113,Customer_13,Ghaziabad,Corporate,PROD-207,Designer Handbag,Fashion,2500.0,5999.0,3,0.15,2025-06-03,2025-06-08,Delivered,Debit Card
5766,CUST-138,Customer_38,Faridabad,Home Office,PROD-213,Mechanical Keyboard,Electronics,1500.0,3499.0,2,0.1,2025-09-19,2025-09-23,Delivered,UPI
5767,CUST-136,Customer_36,Mumbai,Corporate,PROD-201,Wireless Headphones,Electronics,1200.0,2500.0,3,0.0,2025-12-27,2026-01-01,Delivered,Debit Card
5768,CUST-116,Customer_16,Bangalore,Corporate,PROD-212,Air Fryer 4L Digital,Home & Kitchen,3200.0,6499.0,3,0.15,2025-10-30,2025-11-03,Delivered,Net Banking
5769,CUST-128,Customer_28,Chennai,Corporate,PROD-214,Yoga Mat Extra Thick,Fitness,400.0,999.0,4,0.05,2025-12-06,2025-12-08,Returned,Credit Card
5770,CUST-125,Customer_25,Noida,Corporate,PROD-209,Sunscreen Gel SPF50,Beauty,250.0,599.0,2,0.05,2025-03-20,2025-03-23,Delivered,UPI
5771,CUST-142,Customer_42,Hyderabad,Corporate,PROD-202,Smartwatch Pro,Electronics,2200.0,4999.0,4,0.05,2025-09-07,2025-09-13,Delivered,UPI
5772,CUST-142,Customer_42,Hyderabad,Corporate,PROD-211,Non-Stick Cookware Set,Home & Kitchen,1500.0,3299.0,4,0.2,2025-12-23,2025-12-28,Delivered,Credit Card
5773,CUST-133,Customer_33,Noida,Corporate,PROD-212,Air Fryer 4L Digital,Home & Kitchen,3200.0,6499.0,3,0.05,2025-08-19,2025-08-23,Delivered,Credit Card
5774,CUST-139,Customer_39,Noida,Home Office,PROD-213,Mechanical Keyboard,Electronics,1500.0,3499.0,2,0.2,2025-09-13,2025-09-20,Delivered,Debit Card
5775,CUST-135,Customer_35,Mumbai,Consumer,PROD-215,Whey Protein 1kg,Fitness,1800.0,3499.0,4,0.1,2025-01-18,2025-01-19,Returned,UPI
5776,CUST-131,Customer_31,Ghaziabad,Corporate,PROD-202,Smartwatch Pro,Electronics,2200.0,4999.0,3,0.15,2025-09-27,2025-10-04,Delivered,COD
5777,CUST-134,Customer_34,Faridabad,Corporate,PROD-214,Yoga Mat Extra Thick,Fitness,400.0,999.0,1,0.2,2025-05-06,2025-05-10,Delivered,COD
5778,CUST-140,Customer_40,Gurgaon,Home Office,PROD-203,"Gaming Laptop 15""",Electronics,45000.0,75000.0,1,0.15,2025-10-01,2025-10-08,Returned,Net Banking
5779,CUST-131,Customer_31,Ghaziabad,Corporate,PROD-218,Adjustable Dumbbells Pair,Fitness,2500.0,5499.0,3,0.1,2025-06-19,2025-06-23,Delivered,Debit Card
5780,CUST-103,Customer_3,Ghaziabad,Consumer,PROD-218,Adjustable Dumbbells Pair,Fitness,2500.0,5499.0,3,0.0,2025-06-05,2025-06-11,Returned,Net Banking
5781,CUST-111,Customer_11,Pune,Consumer,PROD-214,Yoga Mat Extra Thick,Fitness,400.0,999.0,1,0.1,2025-12-03,2025-12-06,Delivered,Net Banking
5782,CUST-109,Customer_9,Ghaziabad,Home Office,PROD-214,Yoga Mat Extra Thick,Fitness,400.0,999.0,2,0.2,2025-05-23,2025-05-26,Delivered,Debit Card
5783,CUST-117,Customer_17,Faridabad,Consumer,PROD-201,Wireless Headphones,Electronics,1200.0,2500.0,2,0.15,2025-11-06,2025-11-08,Delivered,Debit Card
5784,CUST-117,Customer_17,Faridabad,Consumer,PROD-216,Denim Jeans Regular,Fashion,800.0,1999.0,1,0.1,2025-04-03,2025-04-10,Delivered,UPI
5785,CUST-139,Customer_39,Noida,Home Office,PROD-216,Denim Jeans Regular,Fashion,800.0,1999.0,4,0.05,2025-07-31,2025-08-07,Cancelled,Net Banking
5786,CUST-141,Customer_41,Ghaziabad,Consumer,PROD-206,Running Shoes,Fashion,1100.0,2799.0,3,0.0,2025-10-23,2025-10-29,Delivered,Debit Card
5787,CUST-104,Customer_4,Noida,Home Office,PROD-216,Denim Jeans Regular,Fashion,800.0,1999.0,3,0.15,2025-07-24,2025-07-28,Delivered,COD
5788,CUST-125,Customer_25,Noida,Corporate,PROD-211,Non-Stick Cookware Set,Home & Kitchen,1500.0,3299.0,4,0.0,2025-05-15,2025-05-17,Delivered,Debit Card
5789,CUST-125,Customer_25,Noida,Corporate,PROD-217,Hair Care Oil 200ml,Beauty,180.0,450.0,1,0.2,2025-12-16,2025-12-17,Delivered,Debit Card
5790,CUST-140,Customer_40,Gurgaon,Home Office,PROD-209,Sunscreen Gel SPF50,Beauty,250.0,599.0,1,0.1,2025-05-19,2025-05-22,Delivered,COD
5791,CUST-130,Customer_30,Noida,Consumer,PROD-206,Running Shoes,Fashion,1100.0,2799.0,2,0.1,2025-09-24,2025-09-27,Delivered,COD
5792,CUST-144,Customer_44,Pune,Consumer,PROD-201,Wireless Headphones,Electronics,1200.0,2500.0,1,0.2,2025-01-07,2025-01-11,Cancelled,UPI
5793,CUST-129,Customer_29,Chennai,Consumer,PROD-208,Face Serum 30ml,Beauty,300.0,899.0,2,0.0,2025-05-26,2025-05-29,Returned,UPI
5794,CUST-106,Customer_6,Chennai,Corporate,PROD-213,Mechanical Keyboard,Electronics,1500.0,3499.0,2,0.2,2025-12-03,2025-12-10,Cancelled,UPI
5795,CUST-108,Customer_8,Noida,Consumer,PROD-213,Mechanical Keyboard,Electronics,1500.0,3499.0,2,0.0,2025-03-08,2025-03-12,Delivered,Credit Card
5796,CUST-119,Customer_19,Noida,Consumer,PROD-212,Air Fryer 4L Digital,Home & Kitchen,3200.0,6499.0,4,0.1,2025-02-08,2025-02-14,Cancelled,Net Banking
5797,CUST-143,Customer_43,Faridabad,Home Office,PROD-209,Sunscreen Gel SPF50,Beauty,250.0,599.0,1,0.1,2025-03-24,2025-03-31,Delivered,UPI
5798,CUST-125,Customer_25,Noida,Corporate,PROD-208,Face Serum 30ml,Beauty,300.0,899.0,3,0.05,2025-05-13,2025-05-20,Delivered,Net Banking
5799,CUST-132,Customer_32,Noida,Consumer,PROD-216,Denim Jeans Regular,Fashion,800.0,1999.0,4,0.0,2025-04-02,2025-04-08,Returned,Credit Card
5800,CUST-150,Customer_50,Mumbai,Consumer,PROD-210,Ergonomic Chair,Home & Kitchen,3500.0,7999.0,1,0.15,2025-11-11,2025-11-17,Delivered,Debit Card
5801,CUST-103,Customer_3,Ghaziabad,Consumer,PROD-201,Wireless Headphones,Electronics,1200.0,2500.0,3,0.15,2025-10-20,2025-10-26,Delivered,UPI
5802,CUST-110,Customer_10,Chennai,Consumer,PROD-201,Wireless Headphones,Electronics,1200.0,2500.0,3,0.05,2025-12-07,2025-12-11,Delivered,Debit Card
5803,CUST-137,Customer_37,Ghaziabad,Home Office,PROD-213,Mechanical Keyboard,Electronics,1500.0,3499.0,4,0.15,2025-09-09,2025-09-13,Returned,UPI
5804,CUST-115,Customer_15,Delhi,Consumer,PROD-204,Bluetooth Speaker,Electronics,800.0,1899.0,4,0.0,2025-12-19,2025-12-26,Returned,COD
5805,CUST-123,Customer_23,Delhi,Home Office,PROD-217,Hair Care Oil 200ml,Beauty,180.0,450.0,1,0.0,2025-06-05,2025-06-09,Returned,Debit Card
5806,CUST-122,Customer_22,Chennai,Corporate,PROD-204,Bluetooth Speaker,Electronics,800.0,1899.0,2,0.05,2025-05-29,2025-06-04,Delivered,COD
5807,CUST-125,Customer_25,Noida,Corporate,PROD-207,Designer Handbag,Fashion,2500.0,5999.0,1,0.1,2025-12-23,2025-12-27,Delivered,Net Banking
5808,CUST-141,Customer_41,Ghaziabad,Consumer,PROD-212,Air Fryer 4L Digital,Home & Kitchen,3200.0,6499.0,1,0.05,2025-04-08,2025-04-10,Cancelled,UPI
5809,CUST-138,Customer_38,Faridabad,Home Office,PROD-216,Denim Jeans Regular,Fashion,800.0,1999.0,3,0.15,2025-07-19,2025-07-20,Delivered,COD
5810,CUST-102,Customer_2,Faridabad,Consumer,PROD-203,"Gaming Laptop 15""",Electronics,45000.0,75000.0,1,0.15,2025-01-29,2025-02-01,Delivered,UPI
5811,CUST-142,Customer_42,Hyderabad,Corporate,PROD-215,Whey Protein 1kg,Fitness,1800.0,3499.0,2,0.2,2025-12-14,2025-12-21,Delivered,Credit Card
5812,CUST-103,Customer_3,Ghaziabad,Consumer,PROD-216,Denim Jeans Regular,Fashion,800.0,1999.0,4,0.2,2025-12-01,2025-12-02,Delivered,UPI
5813,CUST-145,Customer_45,Mumbai,Consumer,PROD-205,Cotton Casual Shirt,Fashion,450.0,1199.0,1,0.1,2025-03-30,2025-04-05,Delivered,UPI
5814,CUST-140,Customer_40,Gurgaon,Home Office,PROD-205,Cotton Casual Shirt,Fashion,450.0,1199.0,4,0.2,2025-02-24,2025-02-25,Delivered,COD
5815,CUST-105,Customer_5,Pune,Consumer,PROD-216,Denim Jeans Regular,Fashion,800.0,1999.0,4,0.1,2025-06-22,2025-06-29,Cancelled,UPI
5816,CUST-137,Customer_37,Ghaziabad,Home Office,PROD-214,Yoga Mat Extra Thick,Fitness,400.0,999.0,2,0.0,2025-06-14,2025-06-21,Delivered,COD
5817,CUST-122,Customer_22,Chennai,Corporate,PROD-201,Wireless Headphones,Electronics,1200.0,2500.0,4,0.05,2025-05-21,2025-05-23,Returned,Debit Card
5818,CUST-111,Customer_11,Pune,Consumer,PROD-210,Ergonomic Chair,Home & Kitchen,3500.0,7999.0,2,0.0,2025-10-25,2025-10-26,Delivered,COD
5819,CUST-150,Customer_50,Mumbai,Consumer,PROD-205,Cotton Casual Shirt,Fashion,450.0,1199.0,1,0.0,2025-09-07,2025-09-08,Delivered,Credit Card
5820,CUST-146,Customer_46,Ghaziabad,Consumer,PROD-215,Whey Protein 1kg,Fitness,1800.0,3499.0,4,0.05,2025-08-02,2025-08-08,Delivered,Credit Card
5821,CUST-141,Customer_41,Ghaziabad,Consumer,PROD-217,Hair Care Oil 200ml,Beauty,180.0,450.0,2,0.05,2025-08-19,2025-08-23,Cancelled,COD
5822,CUST-103,Customer_3,Ghaziabad,Consumer,PROD-214,Yoga Mat Extra Thick,Fitness,400.0,999.0,1,0.1,2025-09-13,2025-09-18,Delivered,Debit Card
5823,CUST-101,Customer_1,Noida,Consumer,PROD-214,Yoga Mat Extra Thick,Fitness,400.0,999.0,1,0.2,2025-04-09,2025-04-10,Returned,Debit Card
5824,CUST-133,Customer_33,Noida,Corporate,PROD-216,Denim Jeans Regular,Fashion,800.0,1999.0,2,0.1,2025-11-17,2025-11-23,Delivered,UPI
5825,CUST-108,Customer_8,Noida,Consumer,PROD-216,Denim Jeans Regular,Fashion,800.0,1999.0,2,0.0,2025-09-12,2025-09-14,Cancelled,UPI
5826,CUST-124,Customer_24,Hyderabad,Home Office,PROD-208,Face Serum 30ml,Beauty,300.0,899.0,3,0.2,2025-08-11,2025-08-14,Delivered,Net Banking
5827,CUST-107,Customer_7,Delhi,Consumer,PROD-213,Mechanical Keyboard,Electronics,1500.0,3499.0,1,0.15,2025-04-01,2025-04-03,Delivered,COD
5828,CUST-105,Customer_5,Pune,Consumer,PROD-216,Denim Jeans Regular,Fashion,800.0,1999.0,3,0.15,2025-10-31,2025-11-05,Cancelled,Credit Card
5829,CUST-144,Customer_44,Pune,Consumer,PROD-208,Face Serum 30ml,Beauty,300.0,899.0,2,0.0,2025-02-26,2025-03-01,Cancelled,Credit Card
5830,CUST-127,Customer_27,Faridabad,Home Office,PROD-216,Denim Jeans Regular,Fashion,800.0,1999.0,4,0.2,2025-04-23,2025-04-24,Delivered,Net Banking
5831,CUST-128,Customer_28,Chennai,Corporate,PROD-206,Running Shoes,Fashion,1100.0,2799.0,2,0.15,2025-11-09,2025-11-13,Delivered,Debit Card
5832,CUST-130,Customer_30,Noida,Consumer,PROD-207,Designer Handbag,Fashion,2500.0,5999.0,3,0.05,2025-05-19,2025-05-21,Cancelled,UPI
5833,CUST-137,Customer_37,Ghaziabad,Home Office,PROD-203,"Gaming Laptop 15""",Electronics,45000.0,75000.0,4,0.15,2025-03-11,2025-03-12,Delivered,Net Banking
5834,CUST-149,Customer_49,Ghaziabad,Home Office,PROD-208,Face Serum 30ml,Beauty,300.0,899.0,2,0.2,2025-06-01,2025-06-06,Returned,Credit Card
5835,CUST-136,Customer_36,Mumbai,Corporate,PROD-205,Cotton Casual Shirt,Fashion,450.0,1199.0,4,0.05,2025-07-30,2025-08-06,Delivered,COD
5836,CUST-130,Customer_30,Noida,Consumer,PROD-208,Face Serum 30ml,Beauty,300.0,899.0,2,0.05,2025-08-08,2025-08-14,Delivered,Debit Card
5837,CUST-138,Customer_38,Faridabad,Home Office,PROD-206,Running Shoes,Fashion,1100.0,2799.0,4,0.0,2025-10-21,2025-10-22,Delivered,UPI
5838,CUST-147,Customer_47,Mumbai,Corporate,PROD-214,Yoga Mat Extra Thick,Fitness,400.0,999.0,4,0.15,2025-08-06,2025-08-11,Delivered,UPI
5839,CUST-132,Customer_32,Noida,Consumer,PROD-205,Cotton Casual Shirt,Fashion,450.0,1199.0,1,0.15,2025-10-13,2025-10-20,Delivered,Credit Card
5840,CUST-123,Customer_23,Delhi,Home Office,PROD-208,Face Serum 30ml,Beauty,300.0,899.0,1,0.15,2025-11-28,2025-11-29,Delivered,Debit Card
5841,CUST-146,Customer_46,Ghaziabad,Consumer,PROD-212,Air Fryer 4L Digital,Home & Kitchen,3200.0,6499.0,4,0.15,2025-10-26,2025-10-27,Cancelled,Credit Card
5842,CUST-126,Customer_26,Noida,Home Office,PROD-207,Designer Handbag,Fashion,2500.0,5999.0,1,0.0,2025-11-17,2025-11-21,Cancelled,Net Banking
5843,CUST-122,Customer_22,Chennai,Corporate,PROD-214,Yoga Mat Extra Thick,Fitness,400.0,999.0,3,0.2,2025-06-01,2025-06-05,Returned,COD
5844,CUST-114,Customer_14,Chennai,Corporate,PROD-213,Mechanical Keyboard,Electronics,1500.0,3499.0,1,0.2,2025-06-21,2025-06-27,Delivered,Debit Card
5845,CUST-108,Customer_8,Noida,Consumer,PROD-211,Non-Stick Cookware Set,Home & Kitchen,1500.0,3299.0,1,0.1,2025-08-27,2025-09-01,Delivered,Debit Card
5846,CUST-142,Customer_42,Hyderabad,Corporate,PROD-218,Adjustable Dumbbells Pair,Fitness,2500.0,5499.0,2,0.05,2025-02-04,2025-02-09,Delivered,Debit Card
5847,CUST-135,Customer_35,Mumbai,Consumer,PROD-204,Bluetooth Speaker,Electronics,800.0,1899.0,2,0.05,2025-10-25,2025-11-01,Delivered,Debit Card
5848,CUST-118,Customer_18,Ghaziabad,Corporate,PROD-218,Adjustable Dumbbells Pair,Fitness,2500.0,5499.0,1,0.0,2025-08-05,2025-08-08,Delivered,Debit Card
5849,CUST-129,Customer_29,Chennai,Consumer,PROD-212,Air Fryer 4L Digital,Home & Kitchen,3200.0,6499.0,1,0.15,2025-09-27,2025-10-04,Cancelled,COD
5850,CUST-135,Customer_35,Mumbai,Consumer,PROD-209,Sunscreen Gel SPF50,Beauty,250.0,599.0,1,0.05,2025-11-14,2025-11-17,Delivered,Net Banking
5851,CUST-106,Customer_6,Chennai,Corporate,PROD-210,Ergonomic Chair,Home & Kitchen,3500.0,7999.0,1,0.05,2025-05-28,2025-05-29,Delivered,Debit Card
5852,CUST-145,Customer_45,Mumbai,Consumer,PROD-216,Denim Jeans Regular,Fashion,800.0,1999.0,2,0.2,2025-03-19,2025-03-26,Delivered,UPI
5853,CUST-127,Customer_27,Faridabad,Home Office,PROD-214,Yoga Mat Extra Thick,Fitness,400.0,999.0,4,0.15,2025-08-31,2025-09-03,Delivered,UPI
5854,CUST-113,Customer_13,Ghaziabad,Corporate,PROD-201,Wireless Headphones,Electronics,1200.0,2500.0,3,0.15,2025-04-29,2025-05-06,Delivered,COD
5855,CUST-142,Customer_42,Hyderabad,Corporate,PROD-209,Sunscreen Gel SPF50,Beauty,250.0,599.0,4,0.15,2025-10-31,2025-11-06,Returned,Debit Card
5856,CUST-109,Customer_9,Ghaziabad,Home Office,PROD-208,Face Serum 30ml,Beauty,300.0,899.0,4,0.1,2025-05-14,2025-05-16,Delivered,Debit Card
5857,CUST-110,Customer_10,Chennai,Consumer,PROD-209,Sunscreen Gel SPF50,Beauty,250.0,599.0,2,0.2,2025-08-22,2025-08-24,Delivered,Debit Card
5858,CUST-112,Customer_12,Pune,Corporate,PROD-206,Running Shoes,Fashion,1100.0,2799.0,1,0.1,2025-05-02,2025-05-03,Delivered,COD
5859,CUST-129,Customer_29,Chennai,Consumer,PROD-209,Sunscreen Gel SPF50,Beauty,250.0,599.0,1,0.1,2025-04-05,2025-04-07,Delivered,Debit Card
5860,CUST-124,Customer_24,Hyderabad,Home Office,PROD-212,Air Fryer 4L Digital,Home & Kitchen,3200.0,6499.0,3,0.0,2025-03-25,2025-03-30,Delivered,UPI
5861,CUST-132,Customer_32,Noida,Consumer,PROD-216,Denim Jeans Regular,Fashion,800.0,1999.0,1,0.2,2025-06-13,2025-06-15,Delivered,COD
5862,CUST-142,Customer_42,Hyderabad,Corporate,PROD-209,Sunscreen Gel SPF50,Beauty,250.0,599.0,2,0.2,2025-05-29,2025-06-05,Delivered,Net Banking
5863,CUST-145,Customer_45,Mumbai,Consumer,PROD-204,Bluetooth Speaker,Electronics,800.0,1899.0,1,0.1,2025-01-21,2025-01-23,Delivered,UPI
5864,CUST-140,Customer_40,Gurgaon,Home Office,PROD-216,Denim Jeans Regular,Fashion,800.0,1999.0,3,0.0,2025-07-02,2025-07-03,Cancelled,COD
5865,CUST-113,Customer_13,Ghaziabad,Corporate,PROD-218,Adjustable Dumbbells Pair,Fitness,2500.0,5499.0,3,0.05,2025-04-24,2025-05-01,Delivered,UPI
5866,CUST-135,Customer_35,Mumbai,Consumer,PROD-212,Air Fryer 4L Digital,Home & Kitchen,3200.0,6499.0,4,0.05,2025-12-10,2025-12-11,Delivered,Net Banking
5867,CUST-139,Customer_39,Noida,Home Office,PROD-218,Adjustable Dumbbells Pair,Fitness,2500.0,5499.0,3,0.15,2025-01-29,2025-02-04,Cancelled,Credit Card
5868,CUST-128,Customer_28,Chennai,Corporate,PROD-209,Sunscreen Gel SPF50,Beauty,250.0,599.0,3,0.1,2025-07-10,2025-07-11,Delivered,Debit Card
5869,CUST-129,Customer_29,Chennai,Consumer,PROD-214,Yoga Mat Extra Thick,Fitness,400.0,999.0,4,0.15,2025-04-21,2025-04-27,Delivered,Net Banking
5870,CUST-111,Customer_11,Pune,Consumer,PROD-212,Air Fryer 4L Digital,Home & Kitchen,3200.0,6499.0,1,0.05,2025-08-01,2025-08-03,Delivered,Credit Card
5871,CUST-131,Customer_31,Ghaziabad,Corporate,PROD-215,Whey Protein 1kg,Fitness,1800.0,3499.0,4,0.0,2025-02-03,2025-02-08,Delivered,UPI
5872,CUST-141,Customer_41,Ghaziabad,Consumer,PROD-209,Sunscreen Gel SPF50,Beauty,250.0,599.0,4,0.2,2025-03-31,2025-04-05,Delivered,Credit Card
5873,CUST-112,Customer_12,Pune,Corporate,PROD-211,Non-Stick Cookware Set,Home & Kitchen,1500.0,3299.0,1,0.1,2025-10-11,2025-10-15,Delivered,COD
5874,CUST-132,Customer_32,Noida,Consumer,PROD-218,Adjustable Dumbbells Pair,Fitness,2500.0,5499.0,1,0.0,2025-08-26,2025-08-28,Delivered,Credit Card
5875,CUST-120,Customer_20,Bangalore,Consumer,PROD-210,Ergonomic Chair,Home & Kitchen,3500.0,7999.0,3,0.15,2025-12-01,2025-12-07,Delivered,Credit Card
5876,CUST-145,Customer_45,Mumbai,Consumer,PROD-205,Cotton Casual Shirt,Fashion,450.0,1199.0,3,0.15,2025-03-03,2025-03-10,Returned,UPI
5877,CUST-148,Customer_48,Faridabad,Consumer,PROD-217,Hair Care Oil 200ml,Beauty,180.0,450.0,4,0.1,2025-09-04,2025-09-09,Cancelled,Net Banking
5878,CUST-108,Customer_8,Noida,Consumer,PROD-217,Hair Care Oil 200ml,Beauty,180.0,450.0,3,0.05,2025-10-22,2025-10-23,Delivered,COD
5879,CUST-110,Customer_10,Chennai,Consumer,PROD-209,Sunscreen Gel SPF50,Beauty,250.0,599.0,3,0.05,2025-12-21,2025-12-23,Delivered,UPI
5880,CUST-124,Customer_24,Hyderabad,Home Office,PROD-212,Air Fryer 4L Digital,Home & Kitchen,3200.0,6499.0,3,0.1,2025-07-02,2025-07-03,Cancelled,COD
5881,CUST-105,Customer_5,Pune,Consumer,PROD-214,Yoga Mat Extra Thick,Fitness,400.0,999.0,1,0.2,2025-11-18,2025-11-20,Returned,Credit Card
5882,CUST-121,Customer_21,Mumbai,Corporate,PROD-217,Hair Care Oil 200ml,Beauty,180.0,450.0,3,0.0,2025-06-04,2025-06-07,Returned,COD
5883,CUST-123,Customer_23,Delhi,Home Office,PROD-205,Cotton Casual Shirt,Fashion,450.0,1199.0,3,0.1,2025-03-12,2025-03-17,Delivered,Net Banking
5884,CUST-122,Customer_22,Chennai,Corporate,PROD-205,Cotton Casual Shirt,Fashion,450.0,1199.0,2,0.05,2025-04-22,2025-04-24,Returned,COD
5885,CUST-145,Customer_45,Mumbai,Consumer,PROD-218,Adjustable Dumbbells Pair,Fitness,2500.0,5499.0,1,0.15,2025-10-10,2025-10-16,Delivered,Net Banking
5886,CUST-108,Customer_8,Noida,Consumer,PROD-205,Cotton Casual Shirt,Fashion,450.0,1199.0,3,0.1,2025-09-03,2025-09-06,Delivered,Credit Card
5887,CUST-139,Customer_39,Noida,Home Office,PROD-215,Whey Protein 1kg,Fitness,1800.0,3499.0,3,0.0,2025-03-30,2025-04-05,Delivered,UPI
5888,CUST-109,Customer_9,Ghaziabad,Home Office,PROD-206,Running Shoes,Fashion,1100.0,2799.0,2,0.05,2025-06-07,2025-06-09,Delivered,UPI
5889,CUST-145,Customer_45,Mumbai,Consumer,PROD-201,Wireless Headphones,Electronics,1200.0,2500.0,4,0.15,2025-01-10,2025-01-17,Delivered,UPI
5890,CUST-107,Customer_7,Delhi,Consumer,PROD-213,Mechanical Keyboard,Electronics,1500.0,3499.0,4,0.0,2025-10-31,2025-11-01,Delivered,Debit Card
5891,CUST-105,Customer_5,Pune,Consumer,PROD-217,Hair Care Oil 200ml,Beauty,180.0,450.0,1,0.0,2025-01-06,2025-01-13,Delivered,COD
5892,CUST-138,Customer_38,Faridabad,Home Office,PROD-206,Running Shoes,Fashion,1100.0,2799.0,1,0.0,2025-12-10,2025-12-13,Cancelled,Credit Card
5893,CUST-118,Customer_18,Ghaziabad,Corporate,PROD-215,Whey Protein 1kg,Fitness,1800.0,3499.0,2,0.2,2025-06-30,2025-07-02,Delivered,COD
5894,CUST-107,Customer_7,Delhi,Consumer,PROD-214,Yoga Mat Extra Thick,Fitness,400.0,999.0,2,0.1,2025-09-28,2025-09-30,Returned,Credit Card
5895,CUST-101,Customer_1,Noida,Consumer,PROD-202,Smartwatch Pro,Electronics,2200.0,4999.0,4,0.1,2025-09-16,2025-09-23,Delivered,COD
5896,CUST-129,Customer_29,Chennai,Consumer,PROD-202,Smartwatch Pro,Electronics,2200.0,4999.0,4,0.05,2025-07-01,2025-07-05,Delivered,COD
5897,CUST-127,Customer_27,Faridabad,Home Office,PROD-203,"Gaming Laptop 15""",Electronics,45000.0,75000.0,1,0.2,2025-03-05,2025-03-09,Delivered,Credit Card
5898,CUST-149,Customer_49,Ghaziabad,Home Office,PROD-217,Hair Care Oil 200ml,Beauty,180.0,450.0,1,0.0,2025-05-28,2025-06-02,Delivered,Debit Card
5899,CUST-108,Customer_8,Noida,Consumer,PROD-211,Non-Stick Cookware Set,Home & Kitchen,1500.0,3299.0,3,0.15,2025-08-22,2025-08-27,Returned,Credit Card
5900,CUST-127,Customer_27,Faridabad,Home Office,PROD-209,Sunscreen Gel SPF50,Beauty,250.0,599.0,1,0.15,2025-04-07,2025-04-14,Delivered,Debit Card
5901,CUST-101,Customer_1,Noida,Consumer,PROD-212,Air Fryer 4L Digital,Home & Kitchen,3200.0,6499.0,4,0.2,2025-02-23,2025-02-27,Delivered,UPI
5902,CUST-110,Customer_10,Chennai,Consumer,PROD-211,Non-Stick Cookware Set,Home & Kitchen,1500.0,3299.0,1,0.05,2025-12-22,2025-12-27,Delivered,UPI
5903,CUST-113,Customer_13,Ghaziabad,Corporate,PROD-208,Face Serum 30ml,Beauty,300.0,899.0,4,0.0,2025-11-01,2025-11-08,Delivered,Credit Card
5904,CUST-147,Customer_47,Mumbai,Corporate,PROD-211,Non-Stick Cookware Set,Home & Kitchen,1500.0,3299.0,3,0.15,2025-10-25,2025-10-30,Delivered,Debit Card
5905,CUST-143,Customer_43,Faridabad,Home Office,PROD-215,Whey Protein 1kg,Fitness,1800.0,3499.0,3,0.05,2025-09-06,2025-09-11,Delivered,Net Banking
5906,CUST-108,Customer_8,Noida,Consumer,PROD-209,Sunscreen Gel SPF50,Beauty,250.0,599.0,2,0.0,2025-09-12,2025-09-14,Cancelled,UPI
5907,CUST-104,Customer_4,Noida,Home Office,PROD-204,Bluetooth Speaker,Electronics,800.0,1899.0,2,0.15,2025-12-14,2025-12-15,Cancelled,COD
5908,CUST-121,Customer_21,Mumbai,Corporate,PROD-207,Designer Handbag,Fashion,2500.0,5999.0,1,0.0,2025-11-15,2025-11-20,Delivered,COD
5909,CUST-130,Customer_30,Noida,Consumer,PROD-207,Designer Handbag,Fashion,2500.0,5999.0,4,0.2,2025-12-05,2025-12-09,Returned,Debit Card
5910,CUST-122,Customer_22,Chennai,Corporate,PROD-218,Adjustable Dumbbells Pair,Fitness,2500.0,5499.0,1,0.15,2025-01-10,2025-01-17,Delivered,UPI
5911,CUST-129,Customer_29,Chennai,Consumer,PROD-209,Sunscreen Gel SPF50,Beauty,250.0,599.0,1,0.0,2025-08-15,2025-08-19,Returned,Credit Card
5912,CUST-143,Customer_43,Faridabad,Home Office,PROD-217,Hair Care Oil 200ml,Beauty,180.0,450.0,4,0.05,2025-03-26,2025-03-30,Cancelled,Debit Card
5913,CUST-125,Customer_25,Noida,Corporate,PROD-210,Ergonomic Chair,Home & Kitchen,3500.0,7999.0,4,0.2,2025-10-19,2025-10-25,Returned,COD
5914,CUST-131,Customer_31,Ghaziabad,Corporate,PROD-212,Air Fryer 4L Digital,Home & Kitchen,3200.0,6499.0,1,0.15,2025-03-22,2025-03-27,Delivered,Debit Card
5915,CUST-138,Customer_38,Faridabad,Home Office,PROD-212,Air Fryer 4L Digital,Home & Kitchen,3200.0,6499.0,3,0.1,2025-12-13,2025-12-16,Delivered,UPI
5916,CUST-138,Customer_38,Faridabad,Home Office,PROD-202,Smartwatch Pro,Electronics,2200.0,4999.0,1,0.1,2025-07-07,2025-07-10,Delivered,Net Banking
5917,CUST-128,Customer_28,Chennai,Corporate,PROD-209,Sunscreen Gel SPF50,Beauty,250.0,599.0,1,0.05,2025-07-30,2025-08-02,Delivered,Credit Card
5918,CUST-142,Customer_42,Hyderabad,Corporate,PROD-217,Hair Care Oil 200ml,Beauty,180.0,450.0,1,0.1,2025-02-13,2025-02-19,Delivered,UPI
5919,CUST-111,Customer_11,Pune,Consumer,PROD-213,Mechanical Keyboard,Electronics,1500.0,3499.0,4,0.15,2025-06-16,2025-06-17,Returned,COD
5920,CUST-127,Customer_27,Faridabad,Home Office,PROD-208,Face Serum 30ml,Beauty,300.0,899.0,1,0.1,2025-12-23,2025-12-27,Returned,Net Banking
5921,CUST-125,Customer_25,Noida,Corporate,PROD-217,Hair Care Oil 200ml,Beauty,180.0,450.0,4,0.0,2025-02-20,2025-02-27,Delivered,Credit Card
5922,CUST-132,Customer_32,Noida,Consumer,PROD-218,Adjustable Dumbbells Pair,Fitness,2500.0,5499.0,3,0.1,2025-06-23,2025-06-25,Delivered,Net Banking
5923,CUST-132,Customer_32,Noida,Consumer,PROD-213,Mechanical Keyboard,Electronics,1500.0,3499.0,3,0.0,2025-04-20,2025-04-23,Returned,Debit Card
5924,CUST-126,Customer_26,Noida,Home Office,PROD-205,Cotton Casual Shirt,Fashion,450.0,1199.0,3,0.1,2025-10-24,2025-10-25,Returned,UPI
5925,CUST-134,Customer_34,Faridabad,Corporate,PROD-211,Non-Stick Cookware Set,Home & Kitchen,1500.0,3299.0,1,0.1,2025-04-18,2025-04-21,Delivered,COD
5926,CUST-128,Customer_28,Chennai,Corporate,PROD-215,Whey Protein 1kg,Fitness,1800.0,3499.0,4,0.1,2025-04-13,2025-04-17,Returned,COD
5927,CUST-130,Customer_30,Noida,Consumer,PROD-214,Yoga Mat Extra Thick,Fitness,400.0,999.0,2,0.2,2025-01-10,2025-01-16,Delivered,Net Banking
5928,CUST-143,Customer_43,Faridabad,Home Office,PROD-211,Non-Stick Cookware Set,Home & Kitchen,1500.0,3299.0,4,0.2,2025-11-23,2025-11-28,Returned,UPI
5929,CUST-113,Customer_13,Ghaziabad,Corporate,PROD-209,Sunscreen Gel SPF50,Beauty,250.0,599.0,2,0.1,2025-03-17,2025-03-19,Delivered,Net Banking
5930,CUST-121,Customer_21,Mumbai,Corporate,PROD-202,Smartwatch Pro,Electronics,2200.0,4999.0,3,0.05,2025-07-31,2025-08-03,Cancelled,Debit Card
5931,CUST-139,Customer_39,Noida,Home Office,PROD-216,Denim Jeans Regular,Fashion,800.0,1999.0,2,0.05,2025-05-03,2025-05-04,Delivered,UPI
5932,CUST-120,Customer_20,Bangalore,Consumer,PROD-211,Non-Stick Cookware Set,Home & Kitchen,1500.0,3299.0,4,0.0,2025-10-14,2025-10-18,Delivered,Credit Card
5933,CUST-118,Customer_18,Ghaziabad,Corporate,PROD-205,Cotton Casual Shirt,Fashion,450.0,1199.0,3,0.2,2025-05-13,2025-05-20,Cancelled,Credit Card
5934,CUST-103,Customer_3,Ghaziabad,Consumer,PROD-210,Ergonomic Chair,Home & Kitchen,3500.0,7999.0,1,0.1,2025-01-29,2025-02-05,Delivered,COD
5935,CUST-105,Customer_5,Pune,Consumer,PROD-211,Non-Stick Cookware Set,Home & Kitchen,1500.0,3299.0,1,0.15,2025-12-10,2025-12-16,Delivered,Credit Card
5936,CUST-108,Customer_8,Noida,Consumer,PROD-218,Adjustable Dumbbells Pair,Fitness,2500.0,5499.0,3,0.15,2025-09-14,2025-09-15,Delivered,UPI
5937,CUST-139,Customer_39,Noida,Home Office,PROD-203,"Gaming Laptop 15""",Electronics,45000.0,75000.0,4,0.05,2025-06-18,2025-06-25,Delivered,Net Banking
5938,CUST-110,Customer_10,Chennai,Consumer,PROD-202,Smartwatch Pro,Electronics,2200.0,4999.0,4,0.15,2025-04-20,2025-04-23,Returned,Debit Card
5939,CUST-104,Customer_4,Noida,Home Office,PROD-212,Air Fryer 4L Digital,Home & Kitchen,3200.0,6499.0,1,0.1,2025-07-11,2025-07-17,Delivered,COD
5940,CUST-131,Customer_31,Ghaziabad,Corporate,PROD-207,Designer Handbag,Fashion,2500.0,5999.0,4,0.1,2025-03-16,2025-03-19,Delivered,Debit Card
5941,CUST-142,Customer_42,Hyderabad,Corporate,PROD-214,Yoga Mat Extra Thick,Fitness,400.0,999.0,1,0.05,2025-12-06,2025-12-13,Returned,Debit Card
5942,CUST-125,Customer_25,Noida,Corporate,PROD-217,Hair Care Oil 200ml,Beauty,180.0,450.0,1,0.2,2025-12-25,2025-12-28,Delivered,Credit Card
5943,CUST-125,Customer_25,Noida,Corporate,PROD-204,Bluetooth Speaker,Electronics,800.0,1899.0,1,0.05,2025-05-11,2025-05-14,Delivered,Debit Card
5944,CUST-111,Customer_11,Pune,Consumer,PROD-212,Air Fryer 4L Digital,Home & Kitchen,3200.0,6499.0,4,0.0,2025-06-12,2025-06-19,Delivered,Debit Card
5945,CUST-150,Customer_50,Mumbai,Consumer,PROD-211,Non-Stick Cookware Set,Home & Kitchen,1500.0,3299.0,3,0.15,2025-07-31,2025-08-07,Delivered,UPI
5946,CUST-145,Customer_45,Mumbai,Consumer,PROD-217,Hair Care Oil 200ml,Beauty,180.0,450.0,4,0.2,2025-02-03,2025-02-06,Cancelled,COD
5947,CUST-121,Customer_21,Mumbai,Corporate,PROD-212,Air Fryer 4L Digital,Home & Kitchen,3200.0,6499.0,1,0.05,2025-01-15,2025-01-22,Cancelled,Net Banking
5948,CUST-109,Customer_9,Ghaziabad,Home Office,PROD-204,Bluetooth Speaker,Electronics,800.0,1899.0,3,0.1,2025-04-13,2025-04-19,Delivered,COD
5949,CUST-108,Customer_8,Noida,Consumer,PROD-206,Running Shoes,Fashion,1100.0,2799.0,2,0.2,2025-09-22,2025-09-28,Delivered,Net Banking
5950,CUST-129,Customer_29,Chennai,Consumer,PROD-212,Air Fryer 4L Digital,Home & Kitchen,3200.0,6499.0,2,0.2,2025-03-10,2025-03-13,Delivered,Debit Card
5951,CUST-113,Customer_13,Ghaziabad,Corporate,PROD-204,Bluetooth Speaker,Electronics,800.0,1899.0,4,0.15,2025-07-08,2025-07-10,Delivered,COD
5952,CUST-102,Customer_2,Faridabad,Consumer,PROD-213,Mechanical Keyboard,Electronics,1500.0,3499.0,2,0.0,2025-11-28,2025-12-03,Delivered,Net Banking
5953,CUST-117,Customer_17,Faridabad,Consumer,PROD-205,Cotton Casual Shirt,Fashion,450.0,1199.0,4,0.2,2025-07-25,2025-07-30,Delivered,Debit Card
5954,CUST-106,Customer_6,Chennai,Corporate,PROD-208,Face Serum 30ml,Beauty,300.0,899.0,1,0.2,2025-10-18,2025-10-19,Delivered,Net Banking
5955,CUST-144,Customer_44,Pune,Consumer,PROD-210,Ergonomic Chair,Home & Kitchen,3500.0,7999.0,2,0.05,2025-04-25,2025-05-01,Delivered,Debit Card
5956,CUST-148,Customer_48,Faridabad,Consumer,PROD-211,Non-Stick Cookware Set,Home & Kitchen,1500.0,3299.0,2,0.2,2025-03-08,2025-03-12,Delivered,Credit Card
5957,CUST-147,Customer_47,Mumbai,Corporate,PROD-216,Denim Jeans Regular,Fashion,800.0,1999.0,2,0.0,2025-04-03,2025-04-07,Delivered,Debit Card
5958,CUST-116,Customer_16,Bangalore,Corporate,PROD-215,Whey Protein 1kg,Fitness,1800.0,3499.0,4,0.0,2025-05-08,2025-05-11,Delivered,UPI
5959,CUST-109,Customer_9,Ghaziabad,Home Office,PROD-217,Hair Care Oil 200ml,Beauty,180.0,450.0,2,0.15,2025-07-23,2025-07-29,Cancelled,Net Banking
5960,CUST-139,Customer_39,Noida,Home Office,PROD-208,Face Serum 30ml,Beauty,300.0,899.0,1,0.0,2025-02-18,2025-02-23,Delivered,Debit Card
5961,CUST-131,Customer_31,Ghaziabad,Corporate,PROD-217,Hair Care Oil 200ml,Beauty,180.0,450.0,1,0.0,2025-12-10,2025-12-17,Returned,Debit Card
5962,CUST-140,Customer_40,Gurgaon,Home Office,PROD-211,Non-Stick Cookware Set,Home & Kitchen,1500.0,3299.0,3,0.05,2025-07-22,2025-07-28,Delivered,COD
5963,CUST-138,Customer_38,Faridabad,Home Office,PROD-207,Designer Handbag,Fashion,2500.0,5999.0,4,0.1,2025-03-28,2025-04-02,Delivered,Net Banking
5964,CUST-106,Customer_6,Chennai,Corporate,PROD-217,Hair Care Oil 200ml,Beauty,180.0,450.0,2,0.1,2025-09-29,2025-10-03,Delivered,UPI
5965,CUST-103,Customer_3,Ghaziabad,Consumer,PROD-216,Denim Jeans Regular,Fashion,800.0,1999.0,3,0.15,2025-05-24,2025-05-30,Delivered,Debit Card
5966,CUST-140,Customer_40,Gurgaon,Home Office,PROD-217,Hair Care Oil 200ml,Beauty,180.0,450.0,2,0.1,2025-06-10,2025-06-14,Delivered,Net Banking
5967,CUST-136,Customer_36,Mumbai,Corporate,PROD-210,Ergonomic Chair,Home & Kitchen,3500.0,7999.0,1,0.05,2025-04-07,2025-04-09,Delivered,Credit Card
5968,CUST-131,Customer_31,Ghaziabad,Corporate,PROD-208,Face Serum 30ml,Beauty,300.0,899.0,1,0.15,2025-08-28,2025-09-01,Delivered,UPI
5969,CUST-123,Customer_23,Delhi,Home Office,PROD-215,Whey Protein 1kg,Fitness,1800.0,3499.0,1,0.05,2025-08-23,2025-08-27,Delivered,UPI
5970,CUST-106,Customer_6,Chennai,Corporate,PROD-207,Designer Handbag,Fashion,2500.0,5999.0,2,0.2,2025-04-03,2025-04-10,Returned,Debit Card
5971,CUST-143,Customer_43,Faridabad,Home Office,PROD-214,Yoga Mat Extra Thick,Fitness,400.0,999.0,2,0.15,2025-10-26,2025-10-27,Delivered,UPI
5972,CUST-150,Customer_50,Mumbai,Consumer,PROD-212,Air Fryer 4L Digital,Home & Kitchen,3200.0,6499.0,1,0.1,2025-02-18,2025-02-21,Delivered,UPI
5973,CUST-124,Customer_24,Hyderabad,Home Office,PROD-214,Yoga Mat Extra Thick,Fitness,400.0,999.0,1,0.0,2025-06-15,2025-06-17,Cancelled,Net Banking
5974,CUST-143,Customer_43,Faridabad,Home Office,PROD-211,Non-Stick Cookware Set,Home & Kitchen,1500.0,3299.0,1,0.1,2025-11-18,2025-11-21,Cancelled,UPI
5975,CUST-140,Customer_40,Gurgaon,Home Office,PROD-211,Non-Stick Cookware Set,Home & Kitchen,1500.0,3299.0,2,0.0,2025-10-19,2025-10-21,Delivered,Debit Card
5976,CUST-104,Customer_4,Noida,Home Office,PROD-213,Mechanical Keyboard,Electronics,1500.0,3499.0,1,0.15,2025-11-05,2025-11-09,Delivered,Debit Card
5977,CUST-116,Customer_16,Bangalore,Corporate,PROD-210,Ergonomic Chair,Home & Kitchen,3500.0,7999.0,2,0.05,2025-01-11,2025-01-18,Delivered,Net Banking
5978,CUST-119,Customer_19,Noida,Consumer,PROD-205,Cotton Casual Shirt,Fashion,450.0,1199.0,4,0.1,2025-06-02,2025-06-06,Delivered,COD
5979,CUST-123,Customer_23,Delhi,Home Office,PROD-203,"Gaming Laptop 15""",Electronics,45000.0,75000.0,4,0.15,2025-09-20,2025-09-22,Delivered,Net Banking
5980,CUST-118,Customer_18,Ghaziabad,Corporate,PROD-218,Adjustable Dumbbells Pair,Fitness,2500.0,5499.0,4,0.1,2025-08-05,2025-08-06,Delivered,COD
5981,CUST-128,Customer_28,Chennai,Corporate,PROD-210,Ergonomic Chair,Home & Kitchen,3500.0,7999.0,3,0.15,2025-01-21,2025-01-26,Cancelled,Credit Card
5982,CUST-144,Customer_44,Pune,Consumer,PROD-216,Denim Jeans Regular,Fashion,800.0,1999.0,1,0.1,2025-09-27,2025-10-03,Delivered,Net Banking
5983,CUST-106,Customer_6,Chennai,Corporate,PROD-211,Non-Stick Cookware Set,Home & Kitchen,1500.0,3299.0,3,0.05,2025-03-18,2025-03-20,Delivered,COD
5984,CUST-119,Customer_19,Noida,Consumer,PROD-214,Yoga Mat Extra Thick,Fitness,400.0,999.0,1,0.2,2025-10-10,2025-10-11,Returned,UPI
5985,CUST-128,Customer_28,Chennai,Corporate,PROD-210,Ergonomic Chair,Home & Kitchen,3500.0,7999.0,3,0.1,2025-08-26,2025-09-01,Returned,Debit Card
5986,CUST-106,Customer_6,Chennai,Corporate,PROD-214,Yoga Mat Extra Thick,Fitness,400.0,999.0,4,0.05,2025-02-28,2025-03-06,Delivered,Credit Card
5987,CUST-103,Customer_3,Ghaziabad,Consumer,PROD-204,Bluetooth Speaker,Electronics,800.0,1899.0,3,0.2,2025-12-27,2025-12-30,Cancelled,Net Banking
5988,CUST-129,Customer_29,Chennai,Consumer,PROD-215,Whey Protein 1kg,Fitness,1800.0,3499.0,2,0.05,2025-06-24,2025-07-01,Delivered,Credit Card
5989,CUST-148,Customer_48,Faridabad,Consumer,PROD-215,Whey Protein 1kg,Fitness,1800.0,3499.0,4,0.2,2025-12-11,2025-12-12,Delivered,UPI
5990,CUST-126,Customer_26,Noida,Home Office,PROD-201,Wireless Headphones,Electronics,1200.0,2500.0,4,0.15,2025-03-29,2025-04-04,Cancelled,Net Banking
5991,CUST-148,Customer_48,Faridabad,Consumer,PROD-218,Adjustable Dumbbells Pair,Fitness,2500.0,5499.0,3,0.15,2025-09-07,2025-09-10,Delivered,Debit Card
5992,CUST-109,Customer_9,Ghaziabad,Home Office,PROD-205,Cotton Casual Shirt,Fashion,450.0,1199.0,1,0.05,2025-04-08,2025-04-09,Delivered,UPI
5993,CUST-131,Customer_31,Ghaziabad,Corporate,PROD-206,Running Shoes,Fashion,1100.0,2799.0,2,0.0,2025-08-12,2025-08-19,Delivered,Debit Card
5994,CUST-110,Customer_10,Chennai,Consumer,PROD-211,Non-Stick Cookware Set,Home & Kitchen,1500.0,3299.0,2,0.05,2025-01-12,2025-01-13,Delivered,Net Banking
5995,CUST-131,Customer_31,Ghaziabad,Corporate,PROD-204,Bluetooth Speaker,Electronics,800.0,1899.0,2,0.1,2025-10-27,2025-10-29,Delivered,COD
5996,CUST-104,Customer_4,Noida,Home Office,PROD-208,Face Serum 30ml,Beauty,300.0,899.0,4,0.15,2025-02-22,2025-02-28,Cancelled,Net Banking
5997,CUST-138,Customer_38,Faridabad,Home Office,PROD-218,Adjustable Dumbbells Pair,Fitness,2500.0,5499.0,1,0.15,2025-10-11,2025-10-14,Delivered,Net Banking
5998,CUST-133,Customer_33,Noida,Corporate,PROD-218,Adjustable Dumbbells Pair,Fitness,2500.0,5499.0,4,0.05,2025-11-10,2025-11-16,Returned,UPI
5999,CUST-102,Customer_2,Faridabad,Consumer,PROD-212,Air Fryer 4L Digital,Home & Kitchen,3200.0,6499.0,1,0.1,2025-06-11,2025-06-16,Delivered,Net Banking
6000,CUST-108,Customer_8,Noida,Consumer,PROD-212,Air Fryer 4L Digital,Home & Kitchen,3200.0,6499.0,4,0.15,2025-11-27,2025-11-30,Delivered,UPI
